date,source,title
2022-09-16,youtube/Aim To Head Mix,Dark Trap / Exotic Trap Mix &#39;THE PRINCE&#39;
2025-11-30,youtube/MATERIAL OF SHADOWS,Confident | Dark Trap Mix 2025 – Raw Hip-Hop Power Rising From Shadows &amp; Self-Belief
2017-10-31,youtube/R y a n C e l s i u s ° S o u n d s,ＤＡＲＫＴＲＡＰ．ＭＰ４ ：ｃｈａｐｔｅｒ ２
2025-05-10,youtube/CATALYST mix,NOIRE HEART | Dark Trap Mix
2025-05-31,youtube/CATALYST mix,YŪGEN | Dark Trap Mix
2025-03-25,youtube/Aim To Head Mix,Dark Trap / Exotic Trap Mix &#39;THE PRINCE Vol.2&#39;
2025-05-13,youtube/CATALYST mix,REBEL | Dark Trap Mix
2024-04-26,youtube/Roosevelt Beats,1 Hour of Dark Trap Instrumentals | Dark Trap Beats Mix 2024
2017-10-16,youtube/R y a n C e l s i u s ° S o u n d s,ＤＡＲＫＴＲＡＰ．ＭＰ４ ：ｃｈａｐｔｅｒ１
2025-06-08,youtube/CATALYST mix,YŌEN | Dark Trap Mix
2024-07-16,youtube/Brent Beats,1 HOUR of Dark Trap Instrumentals | Dark Trap Beats Mix
2024-08-05,youtube/NetuH,[SOLD] Dark Trap Beat &quot;Infected&quot;
2024-10-25,youtube/Hello Vee,"Psychedelic Trap &amp; Dark R&amp;B Mix: Travis Scott, The Weeknd, PARTYNEXTDOOR | Trippy HelloVeen Playlist"
2025-06-27,youtube/CATALYST mix,SAKURA | Dark Trap Mix
2024-12-13,youtube/YUNG VENXM,[FREE] Dark Trap Beat - &#39;&#39;DELIRIUM&#39;&#39;
2025-08-09,youtube/CATALYST mix,LILITH | Dark Trap Mix
2025-12-08,youtube/MEINL Cymbals,Meinl Cymbals - Helen De La Rosa - &quot;Dark Trap&quot;
2023-07-01,youtube/Reinelex Music,AGGRESSIVE DARK TRAP / PHONK MIX 2024
2025-07-24,youtube/PILAR,Gangster Trap x Drill Rap x Hip Hop MIX  Aggressive Workout Anthem to Fuel Your Power Mode
2016-08-18,youtube/V.F.M.style,V.F.M.style -  Dark Trap V. I. P. ( Bass Boosted )
2025-09-05,youtube/NetuH,[FREE] Dark Trap Type Beat &quot;MYTHOS&quot;
2025-08-20,youtube/MATERIAL OF SHADOWS,FIGHT &amp; SURVIVE | Dark Trap Mix 2025 | Hip Hop &amp; Aggressive Beats
2017-01-29,youtube/RikeLuxxBeats,Dark Trap Beat | Trap Beat Instrumental | &quot;SKULL&quot; | (Prod. RikeLuxxBeats x Newstreetmelody)
2025-10-07,youtube/Red Bow Music,You have to know all 5 combos to make dark trap...
2025-09-26,youtube/YUNG VENXM,[FREE] Dark Trap Beat - &#39;&#39;ERA&#39;&#39;
2025-01-06,youtube/DJ Otis,"4L Dark &amp; Chill Hip Hop Mix | ft. Travis Scott, Future, Gunna &amp; Don Toliver"
2021-07-30,youtube/Kaprim Beats - Topic,Dark Trap Beat
2024-05-21,youtube/Jay Cactus TV,How To Make Aggressive Dark Trap Beats In FL Studio
2025-06-23,youtube/NetuH,[FREE] Dark Trap Type Beat &quot;ANTHEM&quot;
2025-10-17,youtube/Necroxev Beats,[FREE] Darktrap Type Beat | &quot;RITUAL&quot;
2025-06-07,youtube/NetuH,[FREE] Dark Trap Type Beat &quot;AWAY&quot;
2025-07-30,youtube/CATALYST mix,KAMUI | Dark Trap Mix
2025-07-12,youtube/TRXPPED,NOCTURNAL | DARK TRAP MIX
2019-10-01,youtube/Venom MusicMix,Best Spiritual Trap| Witch Trap |Dark Trap| ( October Music Mix 2019 )
2025-12-02,youtube/MATERIAL OF SHADOWS,No Limits | Dark Trap Mix 2025 – Heavy Bass &amp; Dark Vibes for Your Final Descent
2019-07-14,youtube/Kaprim,Dark Trap Beat  [Prod. by Kaprim]
2024-05-14,youtube/Brent Beats,1 HOUR of Ghostemane Type Beats | Hard Dark Trap Instrumentals || Horror Beats Mix 2024 [Pt.2]
2023-09-11,youtube/NetuH,[FREE] Dark Trap Beat &quot;AMBUSH&quot;
2023-05-23,youtube/rly Beats,Making GREAT Dark Trap Melodies Is SUPER EASY #producer #flstudio
2025-01-01,youtube/Roosevelt Beats,1 Hour of Dark Trap Instrumentals | Dark Trap Beats Mix 2025
2023-02-12,youtube/Nell Derna,[FREE] Dark Type Beat &quot;Underworld&quot; | Hard Trap Instrumental
2025-05-07,youtube/CATALYST mix,REIGN | Dark Trap Mix
2025-12-06,youtube/MATERIAL OF SHADOWS,Feeling abandoned | Dark Trap Mix 2025 – Heavy Bass &amp; Relentless Hip-Hop Energy in the Shadows
2025-08-01,youtube/NetuH,[SOLD] Dark Trap Type Beat &quot;Invader&quot;
2025-07-09,youtube/CATALYST mix,KUROI | Dark Trap Mix
2026-03-15,youtube/TAYBANGERS,Memphis x Dark Trap Type Beat &quot;Trap And Rob&quot; | Memphis Type Beat
2025-08-03,youtube/MATERIAL OF SHADOWS,REFLECTIVE | Dark Trap Mix 2025 – Aggressive Vibes &amp; Gritty Streets
2025-10-08,youtube/INNER BEATS,&quot;FURY&quot; | Trap Type Beat | Freestyle Beat | Type Beat | Hard Type Beat | Rap Type Beat 2025
2025-09-17,youtube/NetuH,[FREE] Dark Trap Type Beat &quot;ABERRATION&quot;
2022-05-22,youtube/ＴＲＡＳＨ 新 ドラゴン,Jake Hill - Satin Black (prod. Lil $wedden)
2026-02-20,youtube/theskybeats,[FREE] FUTURE TYPE BEAT - &quot;SHADOW&quot; | FREESTYLE BEAT | TRAP TYPE BEAT | FREE TRAP INSTRUMENTAL 2026
2025-06-03,youtube/Savage Sherni,DARK TRAP Beat Cookup in FL Studio 🔥
2026-03-09,youtube/Optics Beats,[FREE FOR PROFIT] HARD BOUNCY TRAP TYPE BEAT &quot;FLASHBACK&quot;
2026-01-31,youtube/Blunt Christ,[FREE] GHOSTEMANE TYPE BEAT - &quot;PHOBOS&quot; | DARK TRAP TYPE BEAT
2025-12-10,youtube/YUNG VENXM,[FREE] Dark Trap Beat - &#39;&#39;BLACK CODE&#39;&#39;
2017-09-08,youtube/ＴＲＡＳＨ 新 ドラゴン,GHOSTEMANE - Mercury
2025-11-27,youtube/vibesbeatz-o,[FREE FOR PROFIT] DARK MELODIC TRAP TYPE BEAT Rap Type beat (No Copyright)- &quot;Afterlife&quot;
2026-02-16,youtube/INNER BEATS,&quot;NO MINE&quot; | Trap Type Beat | Freestyle Beat | Type Beat | Hard Type Beat | Rap Type Beat 2026
2025-07-22,youtube/CATALYST mix,APOSTLE | Dark Trap Mix
2025-11-30,youtube/prodteja,[FREE] Dark Trap Type Beat – &quot;CARAMEL&quot; | Type Beat | Hard Trap Type Beat
2026-03-15,youtube/Young Fam (official),[FREE] Trap Type Beat - &quot;OVERDOSE&quot; | Type Beat | Freestyle Beat | Rap Type Beat 2026
2025-10-27,youtube/NetuH,[FREE] Dark Trap Type Beat &quot;WARPED&quot;
2026-01-13,youtube/BeatsbyKeat,MELODIC Freestyle Storytelling Type Beat - &quot;BLIND” | DARK TRAP Type Beat | BeatsbyKeat
2025-12-12,youtube/INNER BEATS,&quot;PURPOSE&quot; | Trap Type Beat | Freestyle Beat | Type Beat | Hard Type Beat | Rap Type Beat 2025
2025-12-15,youtube/INNER BEATS,&quot;PAST&quot; | Trap Type Beat | Freestyle Beat | Type Beat | Hard Type Beat | Rap Type Beat 2025
2026-01-02,youtube/NetuH,[FREE] HARD Type Beat &quot;BANISHED&quot; | Dark Trap (134BPM Am)
2024-01-19,youtube/YUNG VENXM,[SOLD] Dark Trap Beat - &#39;&#39;KILLERS&#39;&#39;
2025-12-15,youtube/YUNG VENXM,[FREE] Dark Trap Beat - &#39;&#39;DEVASTATION&#39;&#39;
2022-02-03,youtube/ＴＲＡＳＨ 新 ドラゴン,Jake Hill - By The Sword (prod. DR.F)
2025-02-24,youtube/Savage Sherni,Dark Trap Beat in FL Studio🔥#musicproducer #flstudio #trapbeat
2026-01-17,youtube/INNER BEATS,&quot;DEVOUR&quot; | Trap Type Beat | Freestyle Beat | Type Beat | Hard Type Beat | Rap Type Beat 2025
2024-05-17,youtube/NetuH,[FREE] Dark Trap Beat &quot;WARNING&quot;
2025-10-08,youtube/Nuski,[FREE] &#39;&#39;WALKING DEAD&#39;&#39; Dark Jerk HoodTrap Hades 66 x Laja Type Beat Instrumental 2025
2025-12-29,youtube/MATERIAL OF SHADOWS,Rise Alone | Dark Trap Mix 2025 – Raw Hip-Hop Power Rising From Shadows &amp; Self-Belief
2026-03-11,youtube/INNER BEATS,&quot;LORE&quot; | Trap Type Beat | Freestyle Beat | Type Beat | Hard Type Beat | Rap Type Beat 2026
2026-01-15,youtube/theskybeats,[FREE] FUTURE TYPE BEAT - &quot;STEADY&quot; | FREESTYLE BEAT | TRAP TYPE BEAT | FREE TRAP INSTRUMENTAL 2026
2026-01-22,youtube/INNER BEATS,[SOLD]  &quot;EAST&quot; | Trap Type Beat | Freestyle Beat | Type Beat | Hard Type Beat | Rap Type Beat 2026
2024-10-16,youtube/Jay Cactus TV,"Making A Hard, Dark Trap Beat 😈 #flstudio #makingabeat #trapproducer #fltutorials"
2025-11-11,youtube/INNER BEATS,&quot;CRAWL&quot; | Trap Type Beat | Freestyle Beat | Type Beat | Hard Type Beat | Rap Type Beat 2025
2024-04-09,youtube/pollybeatz,Making a Hard Dark Trap Beat in 44 Seconds 🤯#darktypebeat #musicproduction #flstudiobeats
2025-04-01,youtube/Sanche Beats,(FREE) Melodic Type Beat - &quot;DARK THOUGHTS&quot; | Dark Type Beat | Rap Trap Beat Instrumental
2024-08-14,youtube/NetuH,[FREE] Dark Trap Beat &quot;Yami&quot;
2025-09-27,youtube/TRENBOLONE MUSIC ( TREN LEGION ),[PLAYLIST] 💀 POP SMOKE ENERGY | Dark Trap Drill Gym Motivation Mix 2025 🔥
2025-03-08,youtube/Sirius嫌い,ASI ES EL DARK TRAP EN ESPAÑOL 🔥 #darkmusic #darktrap #ghostemane
2021-04-13,youtube/Beaucoup Beatz,&quot;Flow&quot; | Dark Trap Type Beat 2021 (Prod. Beaucoup)
2025-06-22,youtube/CATALYST mix,ECHOES | Dark Trap Mix
2026-01-04,youtube/ZIOAN,[FREE] TRAP TYPE BEAT - &quot;TAKEOVER&quot; | TYPE BEAT | FREESTYLE BEAT | FREE TRAP INSTRUMENTAL 2026
2026-01-12,youtube/nolimits,⚡ NO LIMITS 🩸 DARK TRAP &amp; RAP GYM  | WORKOUT MOTIVATION MIX 2026
2026-03-13,youtube/NetuH,[FREE] HARD Type Beat &quot;BLOODLINE&quot; | Dark Trap (108BPM Bm)
2025-12-14,youtube/MATERIAL OF SHADOWS,Obsessed | Dark Trap Mix 2025 – Heavy Bass &amp; Relentless Hip-Hop Energy in the Shadows
2026-01-07,youtube/VEEDY BEATS,[FREE FOR PROFIT] Melodic Type Beat &quot;CALL WAITING&quot;| Dark Type Beat | Rap Trap Beat Instrumental
2025-11-28,youtube/INNER BEATS,&quot;TASK&quot; | Trap Type Beat | Freestyle Beat | Type Beat | Hard Type Beat | Rap Type Beat 2025
2025-08-03,youtube/WAM MUSIC,Unstoppable Energy Gangster Trap 2025 | Raw Freestyle x Street Rap Mix – Unleash Full Power Workout
2025-12-29,youtube/NetuH,[FREE] HARD Type Beat &quot;REVERSAL&quot; | Dark Trap (125BPM Am)
2024-09-20,youtube/PROJECT LOW,1 HOUR DARK TRAP INSTRUMENTAL | DARK TRAP BEAT MIX 2024
2025-06-25,youtube/TRXPPED,NO MERCY MODE | DARK TRAP MIX
2026-03-14,youtube/INNER BEATS,&quot;ULTIMATE&quot; | Trap Type Beat | Freestyle Beat | Type Beat | Hard Type Beat | Rap Type Beat 2026
2026-03-04,youtube/NetuH,[FREE] HARD Type Beat &quot;CORPOREAL&quot; | Dark Trap (148BPM G#m)
2025-09-14,youtube/MakDouble,TRAVIS SCOTT X DON TOLIVER TYPE BEAT - &quot;LONELY&quot; | Hard Trap Type Beat Instrumental 2025
2025-12-26,youtube/NetuH,[FREE] HARD Type Beat &quot;FALLING&quot; | Dark Trap (112BPM Fm)
2025-06-18,youtube/Trap Monster,Best Dark Trap Music Mix 2025 🔥 Hip Hop 2025 Gangster Rap Dope Vibes
2026-01-19,youtube/Young Fam (official),[FREE] Trap Type Beat - &quot;TEARS&quot; | Type Beat | Freestyle Beat | Rap Type Beat 2026
2025-11-18,youtube/INNER BEATS,&quot;MAESTRO&quot; | Trap Type Beat | Freestyle Beat | Type Beat | Hard Type Beat | Rap Type Beat 2025
2025-10-22,youtube/NetuH,[FREE] Dark Trap Type Beat &quot;MONARCH&quot;
2026-02-19,youtube/INNER BEATS,&quot;FAM&quot; | Trap Type Beat | Freestyle Beat | Type Beat | Hard Type Beat | Rap Type Beat 2026
2025-12-17,youtube/NetuH,[FREE] HARD Type Beat &quot;GATES&quot; | Fast Dark Trap (180BPM Cm)
2026-01-14,youtube/INNER BEATS,&quot;AGONY&quot; | Trap Type Beat | Freestyle Beat | Type Beat | Hard Type Beat | Rap Type Beat 2025
2024-05-14,youtube/blustre,wtf is “pluggnb”
2024-02-15,youtube/Frozy - Topic,last friday night pluggnb
2023-11-02,youtube/cadenkala - Topic,renai circulation pluggnb (恋愛サーキュレーション)
2024-06-20,youtube/chxnce,call me maybe! carly rae jepsen - pluggnb remix [prod.chxnce]
2023-10-18,youtube/cadenkala - Topic,stay the night pluggnb
2024-02-26,youtube/Seyoungdagoat - Topic,super shy pluggnb
2023-06-29,youtube/chxnce,good time! owl city ft  carly rae jepsen - pluggnb remix [prod.chxnce]
2023-11-01,youtube/фрози,last friday night - pluggnb remix [prod. frozy x m4ndume]
2023-12-13,youtube/фрози,we found love - pluggnb remix [prod. frozy x m4ndume]
2025-03-25,youtube/prod777 - Topic,Chinatown Pluggnb
2023-12-01,youtube/rxi - Topic,sour grapes pluggnb (feat. yyunme)
2023-12-11,youtube/cadenkala - Topic,Still Into You pluggnb
2024-08-15,youtube/Huzylee,Mộng Yu - Amee X MCK | Pluggnb ver (Prod.Huzy)
2024-09-24,youtube/NoCopyrightSounds,Zachz Winner - blu | Pluggnb | NCS - Copyright Free Music
2023-09-02,youtube/abby,stay the night pluggnb remix (sped up)
2023-10-31,youtube/ilypvc,LE SSERAFIM - Perfect Night (pluggnb flip by ilypvc)
2023-05-28,youtube/chxnce,teenage dream! katy perry - pluggnb remix [prod.chxnce]
2024-04-05,youtube/Release - Topic,icarly pluggnb
2026-01-03,youtube/jorko,*free* jaydes + pluggnb type beat &quot;2026&quot;
2023-10-03,youtube/chxnce,don&#39;t run away! tyler james williams - pluggnb remix [prod.chxnce]
2023-11-18,youtube/фрози,boyfriend - pluggnb remix [prod. frozy x m4ndume]
2023-06-27,youtube/chxnce,we found love! rihanna - pluggnb remix [prod.chxnce]
2023-05-28,youtube/chxnce,california gurls! katy perry  -  pluggnb remix [prod.chxnce]
2023-07-07,youtube/chxnce,love story! taylor swift - pluggnb remix [prod.chxnce]
2023-11-11,youtube/rxi,lesserafim - perfect pluggnb flip (rxi)
2025-10-29,youtube/NonSense!,(FREE) New Jazz x Pluggnb Type Beat - Memories
2022-12-22,youtube/ilypvc,Newjeans - Ditto (pluggnb flip by ilypvc)
2025-10-24,youtube/33nimb,[free for profit] y2k + new jazz + pluggnb type beat &quot;no signal&quot;
2023-01-27,youtube/Digital Plug 🔌,Kesha ~ die young {pluggnb remix} (prod.willare)
2023-10-17,youtube/Savior2k,clarity zedd - pluggnb remix [prod.savior2k]
2024-01-08,youtube/shortcake☆,icarly theme song - pluggnb remix - auxmit☆
2025-11-17,youtube/artifex ⛧,[free] autumn! x k suave x summrs x pluggnb type beat &quot;potion&quot; (prod. artifex)
2025-08-16,youtube/Alfie Snapped,[FREE] emo plugg sad pluggnb type beat &quot;PAPER&quot;
2024-07-29,youtube/Joyful,[FREE] brazil funk + pluggnb type beat &quot;dreams&quot; [prod. joyful x frozy x jk8]
2023-07-18,youtube/chxnce,what do you mean! justin bieber - pluggnb remix [prod.chxnce]
2024-02-21,youtube/Alfie Snapped,[FREE] jssr x lil shine rnb cute pluggnb type beat &quot;LOVE STRUCK&quot;
2025-06-25,youtube/prod. delucx,[FREE] Summrs + Pluggnb type beat - &quot;summer nights&quot; (prod. delucx)
2022-05-09,youtube/фрози,[FREE] pluggnb x autumn x summrs type beat &quot;sweet&quot; [prod. frozy x twontwon]
2025-06-26,youtube/prod.jk8,(free) plug x new jazz x pluggnb x lil tecca type beat “detroit 2”
2025-12-18,youtube/prod.avignon,[Free] cute pluggnb x pluggnb type beat &quot;out of sight&quot;
2023-06-06,youtube/rehealed,chill / pluggnb kankan mix
2026-02-17,youtube/Zattel Beats,(FREE) Pluggnb Type Beat &quot;ONE DAY&quot;
2025-01-31,youtube/Blizzi Boi,Did Unc snap on this #pluggnb ?
2026-02-20,youtube/33nimb,[free for profit] y2k + new jazz + pluggnb type beat &quot;exp&quot;
2026-02-18,youtube/laayz,[free] jaydes pluggnb type beat &quot;paralysis&quot;
2023-08-19,youtube/cadenkala,stay the night (pluggnb remix prod cadenkala + tabris)
2026-02-06,youtube/33nimb,[free for profit] y2k + new jazz + pluggnb type beat &quot;limp mode&quot;
2026-02-13,youtube/w1llidk,[FREE] Summrs x 30nickk x Pluggnb Type Beat &quot;Rewind Da Time&quot; w/ @d1pr0d &amp; @prodshirin
2025-03-16,youtube/YOUNGMESA,[FREE FOR PROFIT] plugg x pluggnb type beat &quot;Bedroom&quot;
2025-08-31,youtube/Alfie Snapped,[FREE] diary plugg pluggnb type beat &quot;THIS FEELING&quot;
2025-06-13,youtube/waizener,[free] romantic 90s rnb x ballad x pluggnb type beat&quot;passing time&quot;
2026-01-14,youtube/Prod.T$HXMO,[Free] 30nickk x Kankan x Pluggnb Type Beat &quot;real from the fakes&quot;
2026-03-06,youtube/33nimb,[free for profit] y2k + new jazz + pluggnb type beat &quot;plaza&quot;
2026-01-08,youtube/speakupkj,"AUX WAR, but it&#39;s PLUGGNB VS. RAGE!"
2026-02-17,youtube/yvkie,Summrs x Goyxrd x Pluggnb type beat &quot;Lights Down Low&quot;
2026-02-10,youtube/yvkie,Summrs x Goyxrd x Pluggnb type beat &quot;Pretty Face&quot; (Ft. Killixrdan)
2026-01-03,youtube/NonSense!,(FREE) Pluggnb x Autumn! x Summrs Type Beat - Mi Vida
2026-03-09,youtube/jorko,*free* jaydes + pluggnb type beat &quot;dorm&quot;
2025-10-25,youtube/Renard 狐 ,&#39;kiếp đỏ đen&#39; (pluggnb mix) | prod. Renard 狐
2025-10-27,youtube/pk3,summrs x goyxrd x pluggnb type beat &quot;everlasting&quot;
2026-02-18,youtube/takuori,(free) kplugg + cute pluggnb type beat (+remiyu)
2024-12-19,youtube/LANA RMX - Topic,SMS - Pluggnb
2026-01-30,youtube/Prod.T$HXMO,[Free] Goyxrd x Summrs x Pluggnb Type Beat &quot;pint&quot; w/ @prodshirin
2024-08-02,youtube/Varsity Beats,This Is What Makes New Jazz / Pluggnb So Catchy
2023-06-04,youtube/suvirequiem,The Story Of Pluggnb (Mini-Doc)
2025-10-20,youtube/wintfye,[free] wintfyenb + pluggnb type beat - &quot;over the moon for you&quot;
2025-12-19,youtube/33nimb,[free] y2k + new jazz + pluggnb type beat &quot;drama&quot;
2023-09-24,youtube/Frisk,one direction - what makes you beautiful | pluggnb flip
2025-05-17,youtube/B E E R U $,Yeu5 (pluggnb) -B E E R U $
2026-01-14,youtube/Zachz Winner,the chainsmokers - all we know (pluggnb + disco flip)
2022-12-16,youtube/chcebycnext,chcebycnext - PLUGGNB (video)
2026-02-25,youtube/NonSense!,(FREE) New Jazz x Pluggnb Type Beat - Dont Let Me (NonSense! x MADYOUNGUS)
2023-12-19,youtube/zae!,Summrs winter/pluggnb mix [prod. goyxrd]
2024-03-25,youtube/springs!,ILLIT - Magnetic (Pluggnb flip)
2026-01-28,youtube/Prod.T$HXMO,[Free] 30nickk x Kankan x Pluggnb Type Beat &quot;sweet scent&quot;
2023-07-05,youtube/trxnq!+*,Justin Bieber - Beauty and a beat pluggnb remix (prod. trxnq)
2025-12-25,youtube/Shirin,30nickk x Kankan x Pluggnb Type Beat &quot;all for nun&quot; w/ @prodrckts
2025-05-20,youtube/Prod. Cxde,(free) glokk40spaz x pluggnb type beat - &quot;call my phone !&quot;
2022-08-14,youtube/ARIZONATEARS,Lil Uzi Vert - Watch This (Pluggnb Remix) (Prod. 🌊ARIZONATEARS🌊)
2025-11-04,youtube/tobymade,[FREE] k suave + pluggnb type beat &quot;Goyard Bag&quot; W/ ‪@goyxrdx &amp; @sillyaris
2025-10-23,youtube/NonSense!,(FREE) Pluggnb x Autumn x Summrs Type Beat - Don&#39;t Go
2025-04-02,youtube/prodkashik,[FREE] 90&#39;s R&amp;B x Pluggnb x Jssr Type Beat &quot;neverending story&quot;
2026-03-14,youtube/jorko,*free* jaydes + pluggnb type beat &quot;east&quot;
2025-09-16,youtube/NonSense!,(FREE) Pluggnb x Autumn x Summrs Type Beat - Vibing
2026-03-02,youtube/Alfie Snapped,[FREE] rnb cute pluggnb type beat &quot;SO MUCH&quot;
2025-09-29,youtube/whyslow,[FREE] Y2k + New Jazz + Pluggnb Type Beat “Bohem”
2023-10-10,youtube/fss,paramore - still into you (pluggnb flip)
2025-08-23,youtube/Prod Parlo,"[FREE] PLUGGNB Type Beat Brocasito x Yunk Vino x Big Rush &quot;Live to Love&quot; (@prodparlo,@ProdGyo)"
2026-03-12,youtube/6shootaa,Brand New 2026 Pluggnb VSTs | Tired of Purity? | FL Studio 25
2026-03-06,youtube/Prod.T$HXMO,[Free] 30nickk x Kankan x Pluggnb Type Beat &quot;wonders&quot; w/@prodshirin @30nickk​
2023-06-18,youtube/Jayysoul,[FREE] emotional pluggnb x lil shine type beat &quot;first love&quot;
2026-03-05,youtube/prod. heartless,*FREE FOR PROFIT* ambient jaydes x sad autumn pluggnb type beat &quot;troubling&quot;
2026-02-21,youtube/voiceluvv,free xangang + lil shine + #pluggnb type beat
2025-09-06,youtube/naulz,KHÔNG BUÔNG - Hngle ft. Ari | hoodtrap x pluggnb (remake beat)
2026-03-04,youtube/yvkie,Summrs x Goyxrd x Pluggnb type beat &quot;Is It Worth It&quot; (Ft. Scarce)
2026-01-22,youtube/yvkie,Summrs x Goyxrd x Pluggnb type beat &quot;Nothing Like You&quot;
2026-01-30,youtube/voiceluvv,free xangang + lil shine + #pluggnb type beat w/ xankoma
2026-03-05,youtube/thirtysins,Summrs x Goyxrd x Pluggnb type beat &quot;Eve&quot;
2026-01-13,youtube/yvkie,Summrs x Goyxrd x Pluggnb type beat &quot;More Life&quot;
2026-01-28,youtube/yvkie,Summrs x Goyxrd x Pluggnb type beat &quot;Sober&quot; (Ft. 5inco)
2026-01-21,youtube/artifex ⛧,[free] autumn! x k suave x summrs x pluggnb type beat &quot;allstar game&quot; (prod. artifex)
2025-03-24,youtube/33nimb,[free] y2k + new jazz + pluggnb type beat &quot;vegas&quot;
2024-01-22,youtube/yktwaan,Boyfriend Big Time Rush- pluggnb by auxmit
2026-01-18,youtube/ian,[free] pluggnb summrs + goyxrd + 30nickk type beat &quot;starstruck&quot;
2026-02-24,youtube/Shirin,30nickk x Kankan x Pluggnb Type Beat &quot;miracles&quot; w/ @d1pr0d
2025-08-12,youtube/satori*,(FREE) Nvscvr x Mnzr x Summrs x Pluggnb Type Beat &quot;Roses&quot; @satori*
2025-12-08,youtube/jorko,*free* jaydes pluggnb type beat &quot;script&quot;
2024-03-25,youtube/ilypvc,ILLIT (아일릿) - Magnetic (pluggnb flip by ilypvc)
2025-03-27,youtube/luvmarko,[FREE] kankan x 30nickk x pluggnb type beat “another kup”
2026-01-25,youtube/voiceluvv,free goyxrd + lil shine + #pluggnb type beat w/ wintfye
2026-02-27,youtube/w1llidk,[FREE] Summrs x Goyxrd x Pluggnb Type Beat &quot;Your Body&quot; w/ @JamaIism &amp; @goyxrdx
2026-01-01,youtube/yvkie,Summrs x Goyxrd x Pluggnb type beat &quot;Heaven&quot; (Ft. Scarce)
2026-02-08,youtube/yvkie,Summrs x Goyxrd x Pluggnb type beat &quot;Xoxo&quot; (Ft. 5inco)
2026-03-06,youtube/jorko,*free* jaydes + capzlock + pluggnb type beat &quot;city&quot;
2024-05-11,youtube/yungtaki,nang co mang em ve (remix).
2026-02-12,youtube/jorko,*free* jaydes + pluggnb type beat &quot;motion&quot;
2026-02-25,youtube/prod. heartless,(FREE FOR PROFIT) ambient jaydes x sad autumn pluggnb type beat &quot;imessage&quot;
2024-05-26,youtube/luvless,Everytime (｡♥‿♥｡) - ariana grande pluggnb remix prod. luvless
2026-02-28,youtube/yvkie,Summrs x Goyxrd x Pluggnb type beat &quot;Forever &amp; Always&quot;
2024-06-16,youtube/geekum,pluggnb instrumental mix - beats to relax/study to🎵
2026-02-22,youtube/renai ♡,[free] summrs + autumn! + pluggnb type beat - &quot;perfectionist&quot;
2025-09-20,youtube/Alfie Snapped,[FREE] cute pluggnb type beat &quot;SOON&quot;
2025-12-27,youtube/33nimb,[free] y2k + new jazz + pluggnb type beat &quot;spacy&quot;
2025-11-25,youtube/voiceluvv,free xangang + lil shine + #pluggnb type beat
2023-10-13,youtube/Nova Frist,[free for profit] newjazz + pluggnb type beat &quot;LOL&quot;
2023-03-13,youtube/rxi,xg - left right pluggnb flip (rxi + wintfye + yunme)
2025-10-17,youtube/33nimb,[free] y2k + new jazz + pluggnb type beat &quot;midnight&quot;
2025-03-15,youtube/33nimb,[free] lil tecca + new jazz + pluggnb type beat &quot;jam&quot;
2026-03-02,youtube/yvkie,Summrs x Goyxrd x Pluggnb type beat &quot;Control&quot; (Ft. W1llidk)
2026-03-07,youtube/Shirin,30nickk x Kankan x Pluggnb Type Beat &quot;don&#39;t look back&quot; w/ @w1llidk @30nickk24
2025-12-15,youtube/JohnGbrooo,[FREE] New Jazz X Pluggnb X Jerk Type Beat - &quot;U want me&quot;
2024-11-06,youtube/prod777 - Topic,Chinatown Pluggnb (jack honest Slowed Remix)
2026-03-15,youtube/yvkie,Summrs x Goyxrd x Pluggnb type beat &quot;Speed&quot; (Ft. Scarce)
2026-02-05,youtube/geekum,[FREE] summrs x autumn! x pluggnb type beat &quot;now that i have u&quot;
2026-01-23,youtube/voiceluvv,free xangang + lil shine + #pluggnb type beat
2025-11-09,youtube/yvkie,Summrs x Goyxrd x Pluggnb type beat &quot;Still Luh You&quot; (Ft. Killixrdan)
2025-12-01,youtube/yvkie,Summrs x Goyxrd x Pluggnb type beat &quot;Suffocated By Your Luv&quot;
2025-12-09,youtube/yvkie,Summrs x Goyxrd x Pluggnb type beat &quot;Subtle Mind&quot; (Ft. Goyxrd)
2026-01-06,youtube/d1pr0d,30nickk x kankan x pluggnb type beat - &quot;feelings n emotions” @d1pr0d @dazzl3boi 
2025-07-03,youtube/Blizzi Boi,Did Unc Snap? #pluggnb
2025-09-27,youtube/Prod. Ygmvr ,[FREE] MNZR x NVSCVR x Pluggnb Type beat &quot;online&quot;
2026-02-28,youtube/prod. heartless,(FREE FOR PROFIT) capzlock x og autumn pluggnb type beat &quot;reset&quot;
2025-12-02,youtube/voiceluvv,free goyxrd + lil shine + #pluggnb type beat
2025-02-16,youtube/rmxplugg,[FREE] PLUGGNB x PLUGG x DARK PLUGGNB TYPE BEAT “Flashing” [PROD. rmxplugg]
2026-02-04,youtube/yvkie,Summrs x Goyxrd x Pluggnb type beat &quot;In The Hills v2&quot; (Ft. Harvard)
2026-02-22,youtube/laayz,[free] jaydes pluggnb type beat &quot;indifferent&quot;
2025-06-19,youtube/prod.jk8,(free) new jazz x jerk x pluggnb type beat “she don’t”
2025-05-14,youtube/2torie!,(FREE) Nvscvr x Mnzr x Summrs x Pluggnb Type Beat &quot;Romantic&quot;
2026-03-06,youtube/luvmarko,[FREE] summrs x goyxrd x pluggnb type beat “do it for me”
2025-12-08,youtube/d1pr0d,summrs x goyxrd x pluggnb type beat - &quot;playboy” @d1pr0d  @prodrckts
2026-02-22,youtube/yvkie,Summrs x Goyxrd x Pluggnb type beat &quot;Love Spells&quot; (Ft. Dantespromise)
2025-09-17,youtube/yvkie,Summrs x Goyxrd x Pluggnb type beat &quot;That One Time In The A&quot; (Ft. @thirtysins)
2025-10-22,youtube/prod.abrahim,Pluggnb type beat #pluggnb #producer #hiphop #trending
2025-11-14,youtube/33nimb,[free] y2k + new jazz + pluggnb type beat &quot;akira&quot;
2022-12-30,youtube/rxi,stayc - stereotype pluggnb flip
2026-02-15,youtube/Prod Parlo,[FREE] PLUGGNB Type Beat Yung Bitetti x Brocasito x Yunk Vino &quot;Exigente&quot; (​⁠‪@prodparlo)​
2025-12-27,youtube/Shirin,Goyxrd x Summrs x Pluggnb Type Beat &quot;dont let go&quot; w/ @prod.tshxmo
2026-03-07,youtube/NonSense!,(FREE) New Jazz x Pluggnb Type Beat - Low Quality
2023-07-08,youtube/deemoe,NewJeans - SuperShy (pluggnb flip)
2025-07-25,youtube/@DJK4NTUZ777,[Free] PLUGGNB x MNZR x SUMMRS x NVSCVR @djkantuz777
2026-02-18,youtube/thirtysins,Summrs x Xangang x Pluggnb type beat &quot;‬Whats Her Name&quot; W/ @masvn  &amp; @hvrvarddd
2025-11-09,youtube/prod. heartless,*free for profit* jaydes sad pluggnb type beat &quot;thanks&quot;
2026-01-22,youtube/prod. heartless,(SOLD) jaydes interlude x sad autumn pluggnb type beat &quot;private&quot;
2026-02-03,youtube/yvkie,Summrs x Goyxrd x Pluggnb type beat &quot;Tengo Fé&quot; (Ft. Dantespromise)
2026-03-05,youtube/jorko,*free* jaydes + pluggnb interlude type beat &quot;stream&quot;
2025-12-03,youtube/Silo,[FREE] old autumn + summrs pluggnb type beat - &quot;someday i will see her&quot; (prod. silo)
2022-12-02,youtube/Needle,609FREDO - Simple And Clean PluggNB OG (No Drums)
2024-09-23,youtube/outtafunds,[free for profit] jaydes x summrs pluggnb type beat &quot;complicated&quot;
2023-12-25,youtube/Bass Boosted,Pluggnb  New Jazz 2024 🔊 Remixes of popular songs 🔊 Bass Boosted Mix 🔊
2025-12-08,youtube/yvkie,Summrs x Goyxrd x Pluggnb type beat &quot;He Geeked&quot; (Ft. Jota)
2023-07-11,youtube/фрози,[FREE] pluggnb x jersey club type beat &quot;dilemma&quot; [prod. frozy x lonis]
2026-02-26,youtube/Joyful,[FREE] pluggnb + discoplug type beat &quot;be happy2&quot; [prod. joyful x frozy]
2026-02-17,youtube/prodtruly,autumn! x summrs pluggnb type beat - &quot;mental&quot;
2025-03-12,youtube/33nimb,[free] y2k + new jazz + pluggnb type beat &quot;deja vu&quot;
2026-02-01,youtube/Alfie Snapped,[FREE] diary plugg cute pluggnb type beat &quot;TRY AGAIN&quot;
2026-02-01,youtube/prodneiren!,[FREE] autumn! x summrs pluggnb type beat - &quot;side thing&quot;
2026-01-05,youtube/Prod Parlo,[FREE] PLUGGNB Type Beat Brocasito x Yung Bitetti x Yunk Vino &quot;Feeling&quot; (​⁠‪@prodparlo)​
2026-02-25,youtube/artifex ⛧,[free] autumn! x k suave x summrs x pluggnb type beat &quot;just there&quot; (prod. artifex)
2023-07-17,youtube/Ty Carrier,SIMPLE Trick for Making BEAUTIFUL Pluggnb Chords
2026-03-03,youtube/killadvent,[free] summrs x kankan x autumn pluggnb type beat - &quot;full measure&quot;
2026-03-06,youtube/$wtch,summrs x desire x pluggnb type beat &quot;flower&quot;
2025-12-30,youtube/Prod.T$HXMO,[Free] Goyxrd x Summrs x Pluggnb Type Beat &quot;hold my hand&quot;
2024-08-08,youtube/Guapanese!,"MAJESTIC PLUGGNB MIX (KanKan, Autumn, Jace!, Summrs, Texako and more!)"
2025-12-19,youtube/knaw,[free] pluggnb + autumn + summrs type beat “december”
2026-02-23,youtube/Gabana,[FREE] Pluggnb x Corey Lingo x When We Were Good Type Beat &quot;Wish You the Best&quot; (prod. Gabana)
2025-01-13,youtube/LANA RMX,PLUGGNB JEDAG JEDUG - LANA RMX
2026-02-03,youtube/Joyful,[FREE] discoplug + pluggnb type beat &quot;smile&quot; [prod. joyful x frozy]
2021-10-23,youtube/NotAlwaysProud,[FREE] Xangang + Ginuwine + Pluggnb Type Beat - &quot; Differences &quot; | (Prod. Lhb)
2026-03-04,youtube/DJ BEARZ LOOPS,"[FREE] Sad RnB x New Jazz Loop Kit | Lil Tecca Pluggnb, Summrs Sample Pack"
2026-02-22,youtube/prod markus,(free for profit) jaydes pluggnb type beat &quot;fantasy land&quot;
2025-12-24,youtube/artifex ⛧,[free] autumn! x summrs x kankan x sad pluggnb type beat &quot;asap&quot; (prod. artifex)
2026-02-19,youtube/Jamalism,Goyxrd x Summrs x Pluggnb Type Beat &quot;Rainy Night in PA&quot;
2025-12-25,youtube/prod. heartless,(FREE FOR PROFIT) jaydes pluggnb x hoodtrap type beat &quot;holiday&quot;
2023-01-06,youtube/Jawn,Taylor Swift - You Belong With Me (Pluggnb Remix) (prod. frozy x trippymetz)
2025-07-26,youtube/sonny 2,Pluggnb Silent Cookup (Like Malice) | @sonnytodo
2023-09-24,youtube/yakknae,kpop pluggnb mix vol. 3 (hosted by yakknae)
2026-02-23,youtube/artifex ⛧,[free] autumn! x k suave x summrs x pluggnb type beat &quot;adrenaline&quot; (prod. artifex)
2026-02-17,youtube/luvmarko,[FREE] summrs x desire x goyxrd x pluggnb type beat “look at the stars”
2024-06-19,youtube/Astrolaw Beats,90s R&amp;B x Pluggnb Type Beat - &quot;until you&quot; | Jssr x Lawsy Type Beat
2023-08-16,youtube/chxnce,live while we&#39;re young! one direction - pluggnb remix [prod.chxnce]
2026-02-25,youtube/Shirin,30nickk x Kankan x Pluggnb Type Beat &quot;make me&quot; w/ @d1pr0d
2026-03-01,youtube/DJ BEARZ LOOPS,"[FREE] Sad RnB x New Jazz Loop Kit | Lil Tecca Pluggnb, Summrs Sample Pack"
2025-12-26,youtube/Alfie Snapped,[FREE] k plugg cute pluggnb type beat &quot;NAUGHTY&quot;
2023-10-10,youtube/fss,big time rush - boyfriend (pluggnb flip)
2026-02-28,youtube/luvmarko,[FREE] Summrs x Goyxrd x Pluggnb Type Beat “move on” w/ @w1llidk 
2026-02-25,youtube/w1llidk,[FREE] Summrs x Kxngrada x Pluggnb Type Beat &quot;Brand New Maybach&quot; w/ @prodrckts
2026-02-19,youtube/XoMi3ery_,(free) glokk40spaz + pluggnb type beat - “SOS”
2026-03-02,youtube/xauno,(free) 30nickk x kankan x pluggnb type beat &quot;till the end&quot; w/ @guanncito
2026-02-22,youtube/geekum,[FREE] summrs x autumn! x pluggnb type beat &quot;cry no more&quot;
2025-11-05,youtube/voiceluvv,free xangang + kudz + lil shine + #pluggnb type beat
2026-01-08,youtube/prod markus,(free for profit) jaydes pluggnb type beat &quot;sedated&quot;
2025-10-22,youtube/artifex ⛧,[free] autumn! still the same x midnight club x pluggnb type beat &quot;bad news&quot; (prod. artifex)
2024-11-06,youtube/Zachz Winner,loveli lori - love for you (slowed) (pluggnb + disco flip)
2025-03-28,youtube/jorko,*free* jaydes + pluggnb type beat &quot;twin&quot;
2023-04-06,youtube/21plugg,[free] autumn! x summrs pluggnb type beat - &quot;nova&quot;
2026-02-14,youtube/kiox!,(free for profit) goyxrd x summrs pluggnb type beat &quot;night&quot;
2025-11-22,youtube/Hanji,[free] discoplug x pluggnb type beat &quot;mate&quot;
2026-03-12,youtube/Young Fam (official),[FREE] Trap Type Beat - &quot;IMAGINE&quot; | Type Beat | Freestyle Beat | Rap Type Beat 2026
2026-03-15,youtube/theskybeats,[FREE] FUTURE TYPE BEAT - &quot;ALERT&quot; | FREESTYLE BEAT | TRAP TYPE BEAT | FREE RAP INSTRUMENTAL 2026
2026-03-12,youtube/ManuGTB,[FREE] Detroit Type Beat x Veeze Type Beat- &quot;Reverse&quot;
2026-03-13,youtube/808 Vibes,FREE FUTURE TYPE BEAT &#39;&#39;BASICS&#39;&#39;
2026-03-13,youtube/CLASSY,[FREE] JACK HARLOW X GUNNA TYPE BEAT 2026 - &quot;MONICA FREESTYLE&quot; 
2026-03-11,youtube/theskybeats,[FREE] FUTURE TYPE BEAT - &quot;RETURN&quot; | FREESTYLE BEAT | TRAP TYPE BEAT | FREE TRAP INSTRUMENTAL 2026
2026-03-12,youtube/MakDouble R&B,R&amp;B Type Beat - &quot;Caliber&quot; | Smooth RnB Type Beat | Trapsoul Instrumental 2026
2025-03-03,youtube/Sounds by Vé,(FREE) JID TYPE BEAT - &quot;PLANS&quot;
2026-03-15,youtube/sélavy,{free} daniel caesar type beat x frank ocean - &quot;full circle&quot;
2026-03-15,youtube/Sempiternal,[FREE] 1900Rugrat Sample Type Beat - &quot;World&#39;s Gone Home&quot;
2026-03-10,youtube/808 Vibes,FREE FUTURE TYPE BEAT &#39;&#39;NEVER WAS&#39;&#39;
2026-03-15,youtube/BRAZZIER (SWAY WASSUP),(FREE) DRAKE x FUTURE TYPE BEAT - &quot;NO LIMIT&quot; | TRAP TYPE BEAT | FREESTYLE HARD RAP BEAT 2026
2026-03-08,youtube/theskybeats,[FREE] FUTURE TYPE BEAT - &quot;BARS&quot; | FREESTYLE BEAT | TRAP TYPE BEAT | FREE TRAP INSTRUMENTAL 2026
2026-03-15,youtube/nocturne.,[FREE] RNB X BRENT FAIYAZ TYPE BEAT - &quot;BUTTERFLIES&quot;
2026-03-15,youtube/Encore,AFRO HOUSE TYPE BEAT - &quot;TOGETHER&quot;
2026-03-15,youtube/Qazers,[free] deftones / shoegaze / alternative rock type beat &quot;flashback&quot;
2026-03-15,youtube/Desirez,(FREE) R&amp;B Type Beat - &quot;Wrong Faces&quot; | Smooth RnB x Trapsoul Instrumental
2026-03-15,youtube/thiszoowe,(FREE) Fakemink Type Beat &quot;Painless&quot; (prod. Zoowe)
2026-03-14,youtube/Stoic,[FREE] KENDRICK LAMAR TYPE BEAT &quot;NO GREATER LOVE&quot;
2025-10-08,youtube/CLASSY,DRAKE X BABY KEEM TYPE BEAT - &quot;FROZEN&quot;
2026-03-15,youtube/Florida Cypher,[FREE] Hurricane Wisdom x Loe Shimmy Type Beat - &quot;Painting Pictures&quot;
2025-08-03,youtube/GoldDigger Beats,FREESTYLE TYPE BEAT - &quot;JERRY&#39;S SUPER FLOW&quot; | Trap Instrumental 2025 | Rap Type Beat
2025-12-01,youtube/INNER BEATS,&quot;AGAIN&quot; | Trap Type Beat | Freestyle Beat | Type Beat | Hard Type Beat | Rap Type Beat 2025
2026-03-08,youtube/Blue Meth,[FREE] JID x KENDRICK LAMAR x J COLE TYPE BEAT &quot;ECHOES&quot;
2025-10-24,youtube/Wais Beatz,(FREE) MF DOOM x Joey Bada$$ x 90s Boom Bap Type Beat - &quot;Low TrumpetL&quot;
2025-10-03,youtube/Buckroll Beats,Leaf Ward Type Beat 2025 - &quot;Mixing My Problems&quot; (prod. by Buckroll)
2026-03-15,youtube/kenzee,nettspend + fakemink + jerk type beat - &quot;broken wing&quot;
2026-03-12,youtube/Desirez,(FREE) Drake Type Beat - &quot;STEPS I&#39;M TAKING&quot;
2026-03-08,youtube/INNER BEATS,&quot;STREET&quot; | Trap Type Beat | Freestyle Beat | Type Beat | Hard Type Beat | Rap Type Beat 2026
2026-03-12,youtube/Raias Beats,[FREE] &quot;KNOCKOUT&quot; - Hard Rap Beat | Dark Old School Boom Bap Type Beat
2025-05-09,youtube/Tkd Beats,Travis Scott Type Beat - KICKED OUT | JackBoys 2 Type Beat 2025
2025-12-04,youtube/INNER BEATS,&quot;DEPTH&quot; | Trap Type Beat | Freestyle Beat | Type Beat | Hard Type Beat | Rap Type Beat 2025
2026-03-09,youtube/December,[FREE] Hurricane Wisdom Sample Type Beat &quot;Find Me&quot;
2026-02-18,youtube/December,[FREE] Hurricane Wisdom Sample Type Beat &quot;All The Time&quot;
2025-04-22,youtube/zazabeatz,Freestyle Beat - &quot;HALLUCINOGEN&quot; | Free Type Beat 2025 | Rap Trap Instrumental
2026-01-29,youtube/Raquib,[FREE] LITHE TYPE BEAT &quot;DIAMOND&quot;
2026-02-04,youtube/Heartbreak,(FREE) R&amp;B Type Beat - &quot;Love Hurts&quot;
2026-01-15,youtube/BEAT PALACE,(FREE) MF DOOM x Joey Bada$$ x 90s Boom Bap Type Beat - &quot;MENACE&quot;
2026-02-18,youtube/Young Fam (official),[FREE] Trap Type Beat - &quot;FIND ME&quot; | Type Beat | Freestyle Beat | Rap Type Beat 2026
2025-10-13,youtube/MakDouble R&B,R&amp;B Type Beat - &quot;Paradox&quot; | Smooth RnB Instrumental 2025
2026-03-09,youtube/Erike Beats,(FREE) Yunk Vino x Veigh x Caio Luccas Type Beat- &#39;&#39;Prime&#39;&#39; (Prod.ErikeBeats)
2026-03-13,youtube/Klimlords Beats,"[FREE] Xaviersobased Type Beat x Jerk Type Beat x Hoodtrap, fakemink - &quot;weird&quot;"
2026-03-10,youtube/auguxt,(free) nine vicious sample type beat - &quot;it was a good day&quot;
2026-03-04,youtube/theskybeats,[FREE] FUTURE TYPE BEAT - &quot;STREETS&quot; | FREESTYLE BEAT | TRAP TYPE BEAT | FREE TRAP INSTRUMENTAL 2026
2026-03-10,youtube/prod. idontworry,[free] young nudy x lucki type beat - &quot;dangerous&quot;
2026-02-11,youtube/danielwsp,[FREE] Splurge Type Beat &quot;Mmhh Mmhh&quot;
2026-03-07,youtube/December,[FREE] Hurricane Wisdom Sample Type Beat &quot;Be Sober&quot;
2026-03-08,youtube/Young Fam (official),[FREE] Trap Type Beat - &quot;REASON&quot; | Type Beat | Freestyle Beat | Rap Type Beat 2026
2026-03-15,youtube/GAXILLIC,[FREE] Acoustic Guitar Type Beat &quot;Believe in You&quot;
2026-03-13,youtube/ManuGTB,[FREE] Detroit Type Beat Sample 2026 - &quot;Where am I?&quot;
2026-02-16,youtube/Jayzz,(FREE) Loe Shimmy x Hurricane Wisdom Type Beat - &quot;Lookin&quot;
2026-03-13,youtube/Rey Pandora Beats,FREESTYLE BEAT - &#39;&#39;A NEW FLOW &#39;&#39; | Trap Instrumental 2026 | Rap Type Beat
2023-06-08,youtube/Ezra,Freestyle Type Beat | Melodic Yeat Type Beat | Free Trap Type Instrumental #freestyletypebeat
2026-02-28,youtube/theskybeats,[FREE] FUTURE TYPE BEAT - &quot;SNEAKY&quot; | FREESTYLE BEAT | TRAP TYPE BEAT | FREE TRAP INSTRUMENTAL 2026
2026-03-01,youtube/Florida Cypher,[FREE] Hurricane Wisdom x Loe Shimmy Type Beat - &quot;LIKE A DRUG&quot;
2026-03-05,youtube/volto,[FREE] Skrilla x Hurricane Wisdom Type Beat - &quot;JUST LIKE YOU&quot;
2026-03-11,youtube/Stoic,[FREE] J DILLA TYPE BEAT &quot;VEGETABLES!&quot;
2025-11-06,youtube/MakDouble,METRO BOOMIN X FUTURE TYPE BEAT - &quot;KNIGHT&quot; | Hard Trap Type Beat Instrumental 2025
2026-03-13,youtube/1shimly,[free] Ken carson type beat - &quot;MOG&quot;
2025-08-27,youtube/zazabeatz,Freestyle Beat - &quot;LOST IT&quot; | Free Type Beat 2025 | Rap Trap Instrumental
2024-12-30,youtube/Shhbeatzclub,Eminem Brooklyn Freestyle Type Beat | Hard-Hitting Insrumental
2026-03-14,youtube/Acrylic,(FREE) TopOppGen x Luhh Dyl Sample Type Beat - &quot;Always Wrong&quot;
2025-10-05,youtube/dragosmarcus,|FREE| JUICE WRLD TYPE BEAT &quot;BANDS FREESTYLE&quot;
2025-10-18,youtube/TRIPPLEZ,[FREE] Pooh Shiesty Type Beat - &#39;&#39;Take me high&#39;&#39;
2026-03-11,youtube/BRAZZIER (SWAY WASSUP),(FREE)  FUTURE TYPE BEAT - &quot;ALPHA&quot; | TRAP TYPE BEAT | FREESTYLE RAP HARD BEAT 2026
2026-03-08,youtube/Inc. CVRNVTE,[FREE] Juice WRLD Type Beat - &quot;FIRST STEP&quot; | Melodic Type Beat | Guitar Type Beat | Pop Type Beat
2026-03-05,youtube/INNER BEATS,&quot;LATE NOW&quot; | Trap Type Beat | Freestyle Beat | Type Beat | Hard Type Beat | Rap Type Beat 2026
2026-03-04,youtube/Young Fam (official),[FREE] Trap Type Beat - &quot;LOSSES&quot; | Type Beat | Freestyle Beat | Rap Type Beat 2026
2026-02-08,youtube/Young Fam (official),[FREE] Trap Type Beat - &quot;JETSKI&quot; | Type Beat | Freestyle Beat | Rap Type Beat 2026
2023-04-19,youtube/prodleavz,[FREE] SleazyWorld Go Type Beat &quot;Walk Down&quot;
2026-02-24,youtube/theskybeats,[FREE] FUTURE TYPE BEAT - &quot;FLY&quot; | FREESTYLE BEAT | TRAP TYPE BEAT | FREE TRAP INSTRUMENTAL 2026
2026-03-09,youtube/Desirez,(FREE) Drake Type Beat - &quot;MIDDLE OF THE OCEAN&quot;
2026-03-14,youtube/matti.,[FREE] Pop Type Beat - &quot;LEAVE&quot; | Chill Guitar Pop x Justin Bieber Type Beat | Pop Beat
2025-08-01,youtube/Optics Beats,[FREE FOR PROFIT] HARD BOUNCY TRAP TYPE BEAT &quot;STEPPA&quot;
2026-02-21,youtube/Young Fam (official),[FREE] Trap Type Beat - &quot;RR&quot; | Type Beat | Freestyle Beat | Rap Type Beat 2026
2022-05-19,youtube/808 West II,Could You Rap Over This HARD TRAP x Freestyle Type Beat? 🔥 | Freestyle Rap Training #335
2025-07-25,youtube/Film Cooper,Fantastic Four type beat #shorts
2026-01-27,youtube/Young Fam (official),[FREE] Trap Type Beat - &quot;ALONE&quot; | Type Beat | Freestyle Beat | Rap Type Beat 2026
2026-01-29,youtube/INNER BEATS,&quot;IMPACT&quot; | Trap Type Beat | Freestyle Beat | Type Beat | Hard Type Beat | Rap Type Beat 2026
2026-03-14,youtube/isaiah 22,[FREE] Drake Type Beat - &quot;SOME MAY SAY...&quot;
2026-02-18,youtube/CLASSY,KEY GLOCK X BIGXTHAPLUG TYPE BEAT 2026 - &quot;GOLDEN&quot; FT. DRAKE
2026-03-09,youtube/dragosmarcus,|FREE| JUICE WRLD TYPE BEAT &quot;YEAH YEAH YEAH&quot;
2026-03-13,youtube/MIG,[FREE] Gunna Type Beat - &quot;Show Out&quot;
2026-03-09,youtube/ManuGTB,[FREE] Detroit Type Beat x YN Jay Type Beat - &quot;Flint&quot;
2026-02-24,youtube/Young Fam (official),[FREE] Trap Type Beat - &quot;ROYAL&quot; | Type Beat | Freestyle Beat | Rap Type Beat 2026
2026-03-14,youtube/Stunnah Beatz II,[FREE] Rylo Rodriguez Type Beat 2026 - Rather Be Lonely
2025-10-13,youtube/Skywum☆,(Free) Joey Bada$$ x Boom Bap Type Beat | &quot;The Night &quot; | Prod. Skywum☆
2026-03-09,youtube/this the 1 ,(FREE) FUTURE TYPE BEAT - &#39;&#39;BACKND&#39;&#39;
2026-02-23,youtube/INNER BEATS,&quot;WISH&quot; | Trap Type Beat | Freestyle Beat | Type Beat | Hard Type Beat | Rap Type Beat 2026
2026-01-27,youtube/smllslikekurtt,sk8star x tana x 1300saint type beat &quot;ecks&quot;
2026-03-13,youtube/Dark Type Beats,"[FREE] Skrilla, Lil Noonie | Type Beat &quot;Never&quot;"
2025-08-28,youtube/VINXIA II,(FREE) AARON MAY x ISAIAH RASHAD TYPE BEAT &quot;IMAGINATION&quot; | CHILL RAP TYPE BEAT
2026-03-09,youtube/MakDouble R&B,R&amp;B Type Beat - &quot;Darkness&quot; | Smooth RnB Type Beat | Trapsoul Instrumental 2026
2026-01-19,youtube/theskybeats,[FREE] FUTURE TYPE BEAT - &quot;ACTIVE&quot; | FREESTYLE BEAT | TRAP TYPE BEAT | FREE TRAP INSTRUMENTAL 2026
2026-02-15,youtube/izzysarchivee,b6 type beat &quot;terror&quot;
2026-03-11,youtube/aiden lair,(FREE) Gunna Type Beat - &quot;Stay The Night&quot;
2026-03-11,youtube/Desirez,(FREE) R&amp;B Type Beat - &quot;Once Again&quot; | Smooth RnB x Trapsoul Instrumental
2026-02-19,youtube/beige marvin,FREE | KENDRICK LAMAR TYPE BEAT - &quot;LETTERS I NEVER SENT&quot;
2026-03-11,youtube/xenshel,[FREE] Juice WRLD Type Beat &quot;My Shadows Know My Name&quot;
2026-03-11,youtube/lowtyde,[free] j cole x mac miller type beat &quot;red moon&quot;
2026-02-13,youtube/INNER BEATS,&quot;STEP&quot; | Trap Type Beat | Freestyle Beat | Type Beat | Hard Type Beat | Rap Type Beat 2026
2026-03-09,youtube/NOIRE,[FREE] JID TYPE BEAT - &quot;YOU GOTTA RUN&quot;
2026-02-16,youtube/theskybeats,[FREE] FUTURE TYPE BEAT - &quot;DAWGS&quot; | FREESTYLE BEAT | TRAP TYPE BEAT | FREE TRAP INSTRUMENTAL 2026
2026-02-12,youtube/theskybeats,[FREE] FUTURE TYPE BEAT - &quot;NONSENSE&quot; | FREESTYLE BEAT | TRAP TYPE BEAT | FREE TRAP INSTRUMENTAL 2026
2026-02-24,youtube/December,[FREE] Hurricane Wisdom Sample Type Beat &quot;Cry Over Me&quot;
2026-01-16,youtube/STORM,Lil Baby Type Beat - &quot;Drippin&quot; | Free Type Beat | Rap/Trap Instrumental 2026
2026-03-04,youtube/DevKeys,[FREE] Kid Cudi / Joji / Clams Casino Type Beat | &quot;LIMBO&quot;
2025-10-22,youtube/wmelody3x,[FREE] G Herbo Sample Type Beat - &quot;Hold Me Tight&quot;
2026-01-09,youtube/Buena Vibra,T&amp;K X GHOSTPELL TYPE BEAT | DRUMLESS SOUL TYPE BEAT
2026-03-06,youtube/Papii,(FREE) MUCCO X KALIM TYPE BEAT - &quot;9MM&quot; | HARD RAP BEAT
2026-03-06,youtube/Beck Beatz,[FREE] Don Toliver Type Beat ~ &quot;DREAMIN&quot;
2026-03-15,youtube/BEATSBYSAV,[FREE] Rio Da Yung OG x Flint x Detroit Sample Type Beat &#39;&#39;No Murk”
2026-03-10,youtube/NYTIEN,(FREE) Omar Courtz x Mora - &quot;SIN VUELTAS&quot; | Trap Type Beat 2026
2026-02-28,youtube/prod. sky,(FREE) Sosocamo + SoFaygo Type Beat - &quot;YOU&quot;
2026-03-11,youtube/COZY,TRAVIS SCOTT TYPE BEAT &quot;VOGUE&quot;
2023-10-25,youtube/Cedwood,[FREE] TRAVIS SCOTT X DRAKE TYPE BEAT - SYMPHONY
2025-12-29,youtube/thelewis,[FREE FOR PROFIT] DON TOLIVER X TRAVIS SCOTT TYPE BEAT 2026 ~ MIRACLE
2025-08-28,youtube/theskybeats,[FREE] TRAVIS SCOTT TYPE BEAT - DROP | FREESTYLE BEAT | TRAP TYPE BEAT | FREE TRAP INSTRUMENTAL 2025
2026-03-09,youtube/Young Guid,(FREE) Travis Scott Type Beat - &quot;Destroy&quot;
2025-09-25,youtube/Wendigo Beats,(FREE) Travis Scott Type Beat - &quot;Unsafe Place&quot; | Travis Scott Type Beat 2025
2026-03-05,youtube/Fukk2Beatz,[FREE] Travis Scott Type Beat - &quot;Ghost&quot;
2026-03-08,youtube/sonnı,[FREE] TRAVIS SCOTT X PLAYBOI CARTI TYPE BEAT - PHILLY
2025-10-28,youtube/CODE.440,TRAVIS SCOTT TYPE BEAT - &quot;SHINY&quot; | Don Toliver Type Beat | Free Type Beat 2025
2026-03-10,youtube/Cedwood,[FREE] TRAVIS SCOTT TYPE BEAT - ENGINE
2025-07-12,youtube/theskybeats,[FREE] TRAVIS SCOTT TYPE BEAT - &quot;VOID&quot; | MELODIC TYPE BEAT | DARK TYPE BEAT | FREE INSTRUMENTAL 2025
2026-03-11,youtube/ballin!,travis scott &amp; playboi carti type beat - &quot;slatter&quot;
2025-10-11,youtube/theskybeats,[FREE] TRAVIS SCOTT TYPE BEAT - RUSH | FREESTYLE BEAT | TRAP TYPE BEAT | FREE TRAP INSTRUMENTAL 2025
2026-02-20,youtube/Cedwood,[FREE] TRAVIS SCOTT TYPE BEAT - LEGENDS
2026-02-15,youtube/sonnı,[FREE] DON TOLIVER X TRAVIS SCOTT TYPE BEAT - YOU
2026-02-24,youtube/Cedwood,[FREE] TRAVIS SCOTT TYPE BEAT - TIED UP
2025-09-09,youtube/theskybeats,[FREE] TRAVIS SCOTT TYPE BEAT - RIOT | FREESTYLE BEAT | TRAP TYPE BEAT | FREE TRAP INSTRUMENTAL 2025
2025-09-21,youtube/theskybeats,[FREE] TRAVIS SCOTT TYPE BEAT - WILD | FREESTYLE BEAT | TRAP TYPE BEAT | FREE TRAP INSTRUMENTAL 2025
2026-02-26,youtube/sonnı,[FREE] PLAYBOI CARTI X TRAVIS SCOTT TYPE BEAT - FEIN
2026-02-12,youtube/Cedwood,[FREE] TRAVIS SCOTT TYPE BEAT - RAVEN
2026-03-09,youtube/SOGIMURA,[FREE] Don Toliver Type Beat - &quot;Gemstone&quot; | Travis Scott Type Beat
2026-02-08,youtube/Cedwood,[FREE] TRAVIS SCOTT TYPE BEAT - BLADE
2026-03-10,youtube/Prod Kell け,Travis Scott type beat - PSYCHO - Drake type beat - Esdeekid Type  beat - freestyle beat
2025-07-20,youtube/Cedwood,[FREE] TRAVIS SCOTT X MIKE DEAN TYPE BEAT - ANGELS
2025-11-11,youtube/theskybeats,[FREE] TRAVIS SCOTT TYPE BEAT - VILE | FREESTYLE BEAT | TRAP TYPE BEAT | FREE TRAP INSTRUMENTAL 2025
2026-01-26,youtube/Cedwood,[FREE] TRAVIS SCOTT TYPE BEAT - HELLFIRE
2025-10-14,youtube/Prezzy,(FREE) TRAVIS SCOTT X DON TOLIVER TYPE BEAT - &quot;ALIVE&quot; | MELODIC TYPE BEAT | FREE INSTRUMENTAL 2025
2025-10-23,youtube/Cedwood,[FREE] TRAVIS SCOTT X DON TOLIVER TYPE BEAT - OVERDRIVE
2026-02-22,youtube/Prod Kell け,Travis Scott type beat - MO CITY - Don Toliver type beat - Trap  beat - trap type beat - BEAT SWICHT
2025-09-21,youtube/Prezzy,(FREE) TRAVIS SCOTT X DON TOLIVER TYPE BEAT - &quot;BUTTERFLY&quot; | TYPE BEAT | FREE INSTRUMENTAL 2025
2026-01-13,youtube/Cedwood,[FREE] TRAVIS SCOTT TYPE BEAT - LOCATION
2026-01-19,youtube/Cedwood,[FREE] TRAVIS SCOTT TYPE BEAT - HUNTER
2025-10-06,youtube/Prezzy,(FREE) TRAVIS SCOTT X FUTURE TYPE BEAT - &quot;PHANTOM&quot; | TRAP TYPE BEAT | FREE INSTRUMENTAL 2025
2025-12-16,youtube/Cedwood,[FREE] TRAVIS SCOTT X DON TOLIVER TYPE BEAT - DRIFT
2025-10-19,youtube/sonnı,[FREE] TRAVIS SCOTT TYPE BEAT - PHANTOM
2026-01-31,youtube/purc,[FREE NO TAGS] Travis Scott X Don Toliver Type Beat &quot;villain&quot;
2025-10-27,youtube/Cedwood,[FREE] TRAVIS SCOTT X DON TOLIVER TYPE BEAT - STEADY
2025-11-18,youtube/SOGIMURA,[FREE] Yeat Type Beat 2025 - &quot;SHADE&quot; | Travis Scott Type Beat
2024-09-25,youtube/nephew.,[FREE FOR PROFIT] TRAVIS SCOTT X UTOPIA TYPE BEAT ~ &quot;STARGAZING&quot; [BEAT SWITCH]
2025-12-23,youtube/thelewis,[FREE FOR PROFIT] TRAVIS SCOTT X DON TOLIVER TYPE BEAT 2026 ~ BAD MEMORIES
2025-09-25,youtube/Cedwood,[FREE] TRAVIS SCOTT X DON TOLIVER TYPE BEAT - GREATNESS
2025-10-18,youtube/SOGIMURA,[FREE] Don Toliver Type Beat - &quot;Tiramisu&quot; | Travis Scott Type Beat
2025-10-30,youtube/Cedwood,[FREE] TRAVIS SCOTT X DON TOLIVER TYPE BEAT - VALUE
2025-11-07,youtube/Cedwood,[FREE] TRAVIS SCOTT X DON TOLIVER TYPE BEAT - CARNIVAL
2026-02-12,youtube/sonnı,[FREE] TRAVIS SCOTT TYPE BEAT - RELOCATE | TRAP TYPE BEAT
2026-03-05,youtube/7INK,[CINEMATIC] KANYE WEST x TRAVIS SCOTT TYPE BEAT - &#39;&#39;SO HIGH&#39;&#39;
2026-03-06,youtube/Cedwood,[FREE] TRAVIS SCOTT TYPE BEAT - LOCKED
2025-10-22,youtube/STORM,Travis Scott Type Beat - &quot;Paid&quot; | Free Type Beat | Rap/Trap Instrumental 2025
2026-02-07,youtube/Young Guid,(FREE) Travis Scott Type Beat - &quot;State&quot;
2026-01-22,youtube/Cedwood,[FREE] TRAVIS SCOTT TYPE BEAT - DRAMA
2025-09-23,youtube/purc,[FREE NO TAGS] Travis Scott X Don Toliver Type Beat &quot;eye of ra&quot;
2025-11-21,youtube/nephew.,[FREE FOR PROFIT] TRAVIS SCOTT X DRAKE TYPE BEAT ~ &quot;EXILE&quot;
2026-02-05,youtube/sonnı,[FREE] DON TOLIVER X TRAVIS SCOTT TYPE BEAT - OPPS
2025-03-20,youtube/Cedwood,[FREE] TRAVIS SCOTT TYPE BEAT - MADNESS
2025-12-07,youtube/Cedwood,[FREE] DON TOLIVER X TRAVIS SCOTT TYPE BEAT - TEARS
2025-11-12,youtube/purc,[FREE NO TAGS] Travis Scott X Don Toliver Type Beat &quot;God&#39;s favorite&quot;
2026-02-03,youtube/Prod Kell け,Travis Scott type beat - GEMSTONE - Don Toliver type beat - Drake Type  beat - trap type beat
2025-11-08,youtube/SOGIMURA,[FREE] Yeat Type Beat 2025 - &quot;SHYNE&quot; | Travis Scott Type Beat
2025-06-23,youtube/theskybeats,[FREE] TRAVIS SCOTT TYPE BEAT - &quot;MOON&quot; | MELODIC TYPE BEAT | DARK TYPE BEAT | FREE INSTRUMENTAL 2025
2026-02-24,youtube/Regwest,[FREE] TRAVIS SCOTT TYPE BEAT X  DON TOLIVER TYPE BEAT - TRANCE | HARD TRAP
2025-12-21,youtube/purc,[FREE NO TAGS] Travis Scott X Don Toliver Type Beat &quot;two faced&quot;
2019-01-18,youtube/Josh Petruccio,(FREE) Travis Scott x Drake Type Beat - Riot Ft ASAP Rocky
2025-05-12,youtube/theskybeats,[SOLD] TRAVIS SCOTT TYPE BEAT - &quot;LUNAR&quot; | TRAP TYPE BEAT | FREE INSTRUMENTAL 2025
2026-01-01,youtube/sonnı,[FREE] PLAYBOI CARTI X TRAVIS SCOTT TYPE BEAT - EVIL TYPE
2025-10-28,youtube/Tekilla Beats,TRAVIS SCOTT TYPE BEAT - &quot;VOID&quot; | FREESTYLE BEAT | TRAP TYPE BEAT | FREE TRAP INSTRUMENTAL 2025
2022-11-09,youtube/llouis,(FREE) TRAVIS SCOTT X GUNNA TYPE BEAT - SENSELESS
2023-02-02,youtube/Benihana Boy,[FREE] TRAVIS SCOTT X GUNNA TYPE BEAT 2023 - LULLABY
2024-11-01,youtube/Cedwood,[FREE] TRAVIS SCOTT TYPE BEAT - FORTUNE
2025-09-30,youtube/MelodicDesert,[FREE] Lithe x Travis Scott Type Beat | Dark Trap Type Beat ~ &quot;RUN&quot;
2023-08-12,youtube/HORIZON,(FREE) ASAP ROCKY X TRAVIS SCOTT TYPE BEAT - INTRUDER
2025-02-01,youtube/Encore,TRAVIS SCOTT X RAGE TYPE BEAT - &quot;COBRA&quot;
2024-11-14,youtube/Cedwood,[FREE] TRAVIS SCOTT TYPE BEAT - REVENANT
2025-10-16,youtube/llouis,(FREE) GUNNA X TRAVIS SCOTT TYPE BEAT - ABRASIVE
2026-02-24,youtube/thelewis,[FREE FOR PROFIT] TRAVIS SCOTT TYPE BEAT ~ ODDS | TRAP TYPE BEAT | MELODIC TYPE BEAT 2026
2026-02-01,youtube/nephew.,[FREE FOR PROFIT] TRAVIS SCOTT X DRAKE TYPE BEAT ~ &quot;CREATURE&quot;
2026-01-10,youtube/7INK,TRAVIS SCOTT x DRAKE TYPE BEAT - &#39;&#39;SILHOUETTE&#39;&#39;
2025-10-04,youtube/Prod Kell け,Don Toliver Type Beat - Straight Up- Travis Scott  Type Beat 2025
2025-01-28,youtube/producerX,TRAVIS SCOTT x KANYE WEST TYPE BEAT - &quot;CHAMPION&quot;
2025-07-13,youtube/Kaizen,(FREE) THE WEEKND X TRAVIS SCOTT TYPE BEAT  - &quot;THE FALL&quot;
2025-10-11,youtube/Prod Kell け,Don Toliver  Type Beat - Sub Cero - Travis Scott  Type Beat 2025 - trap type beat
2024-12-26,youtube/Cedwood,[FREE] DON TOLIVER X TRAVIS SCOTT TYPE BEAT - VALLEY
2025-11-25,youtube/llouis,(FREE) FUTURE X TRAVIS SCOTT TYPE BEAT - UP
2025-08-14,youtube/MORTE,[FREE] TRAVIS SCOTT x ASAP ROCKY TYPE BEAT - &quot;SOUL BALM&quot;
2025-08-25,youtube/Cedwood,[FREE] DON TOLIVER X TRAVIS SCOTT TYPE BEAT - LOST
2025-11-03,youtube/Cedwood,[FREE] TRAVIS SCOTT X FUTURE TYPE BEAT - DIVISION | FREE TYPE BEAT
2024-11-16,youtube/saymee,[BEAT SWITCH] Travis Scott x Metro Boomin Type Beat &quot;Close My Eyes&quot;
2022-10-19,youtube/Ripless,(FREE) GUNNA X TRAVIS SCOTT TYPE BEAT - DOWN BAD
2025-09-13,youtube/theskybeats,[FREE] TRAVIS SCOTT TYPE BEAT - ZONE | FREESTYLE BEAT | TRAP TYPE BEAT | FREE TRAP INSTRUMENTAL 2025
2025-10-02,youtube/llouis,(FREE) TRAVIS SCOTT X DON TOLIVER TYPE BEAT - SILVER
2023-12-14,youtube/Cedwood,[FREE] TRAVIS SCOTT X MIKE DEAN TYPE BEAT - TRANCE
2024-12-22,youtube/KINGXMAGS,(FREE) Travis Scott x Mike Dean Type Beat 2024 ~ &quot;IN THE NIGHT TIME&quot; [BEAT SWITCH]
2026-02-19,youtube/sonnı,[FREE] PLAYBOI CARTI X TRAVIS SCOTT TYPE BEAT - H00D
2025-09-21,youtube/Prod Kell け,Don Toliver Type Beat - DUMBO - Travis Scott  Type Beat 2025
2025-07-20,youtube/𝑦𝑧,Travis Scott Type Beat ~ Silence Bled
2025-03-16,youtube/Tekilla Beats,TRAVIS SCOTT X PLAYBOI CARTI TYPE BEAT - &quot;TWIN&quot; | Type Beat | Free Trap Instrumental 2025
2025-11-28,youtube/JustDan Beats,[FREE NO TAGS] Travis Scott X Don Toliver Type Beat &quot;ghost&quot;
2025-05-18,youtube/llouis,(FREE) TRAVIS SCOTT X THE WEEKND TYPE BEAT - HIGHS AND LOWS
2025-10-07,youtube/MakDouble,TRAVIS SCOTT X DRAKE TYPE BEAT - &quot;FALL&quot; | Hard Trap Type Beat Instrumental 2025
2025-11-03,youtube/purc,[FREE NO TAGS] Travis Scott X Don Toliver Type Beat &quot;sinister&quot;
2024-06-17,youtube/JpBeatz,[FREE FOR PROFIT] Travis Scott Type Beat 2024 - &quot;Don&#39;t Change&quot; | @JpBeatz
2025-07-15,youtube/llouis,(FREE) TRAVIS SCOTT X FUTURE TYPE BEAT - KICKED OUT
2023-10-02,youtube/prod by SHREDDED,[FREE] TRAVIS SCOTT X DRAKE TYPE BEAT 2025 ~ &quot;STAY HIGH&quot;  │ free hard trap beat 2025
2025-09-24,youtube/llouis,(FREE) TRAVIS SCOTT X FUTURE TYPE BEAT - PRIORITY
2026-03-09,youtube/FANCYJPROD,[FREE FOR PROFIT] TRAVIS SCOTT X MIKE DEAN TYPE BEAT - ASTRAL
2026-03-14,youtube/llouis,(FREE) DON TOLIVER X TRAVIS SCOTT TYPE BEAT - MOTION
2025-09-29,youtube/FANCYJPROD,[FREE FOR PROFIT] TRAVIS SCOTT X MIKE DEAN TYPE BEAT - ANGELS
2025-12-14,youtube/FANCYJPROD,[FREE FOR PROFIT] TRAVIS SCOTT X YEAT TYPE BEAT - COME N GO
2025-10-26,youtube/thelewis,[FREE FOR PROFIT] DON TOLIVER X TRAVIS SCOTT TYPE BEAT 2026 ~ WHAT YOU NEED
2026-01-26,youtube/FANCYJPROD,[FREE FOR PROFIT] TRAVIS SCOTT X MIKE DEAN TYPE BEAT - NOSTALGIA
2026-02-11,youtube/i cant love u,[FREE] TRAVIS SCOTT TYPE BEAT - BLACK OUT
2025-08-28,youtube/llouis,(FREE) TRAVIS SCOTT X FUTURE TYPE BEAT - DRAMA
2025-10-23,youtube/purc,[FREE NO TAGS] Travis Scott X Don Toliver Type Beat &quot;greed&quot;
2018-08-03,youtube/TravisScottVEVO,Travis Scott - ASTROTHUNDER (Audio)
2026-01-20,youtube/Prod by GRAVES,(FREE) Type Beat - &quot;SUPER VILLAIN&quot; | Yeat x Travis Scott Type Beat | Trap Beat | Trap Type Beat 2026
2026-01-10,youtube/Cedwood,[FREE] TRAVIS SCOTT X DON TOLIVER TYPE BEAT - SKY
2025-12-26,youtube/producerX,[BEAT SWITCH] TRAVIS SCOTT x KANYE WEST TYPE BEAT - &quot;MAYHEM&quot;
2025-11-29,youtube/llouis,(FREE) TRAVIS SCOTT X DON TOLIVER TYPE BEAT - BRAVE
2025-11-21,youtube/llouis,(FREE) TRAVIS SCOTT X DON TOLIVER TYPE BEAT - LOADED
2025-11-06,youtube/sonnı,[FREE] TRAVIS SCOTT X DON TOLIVER TYPE BEAT - STAND ON IT
2025-10-20,youtube/Cedwood,[FREE] TRAVIS SCOTT X DON TOLIVER TYPE BEAT - MANIAC
2024-06-22,youtube/Cedwood,[FREE] TRAVIS SCOTT X METRO BOOMIN TYPE BEAT - TWINS
2026-03-12,youtube/Cedwood,[FREE] TRAVIS SCOTT TYPE BEAT - CRIME
2026-03-07,youtube/Morgan,KANYE WEST x TRAVIS SCOTT TYPE BEAT - &quot;LOST SOULS&quot; [CINEMATIC]
2026-03-06,youtube/Sapjer,(free) Travis Scott x Astroworld x Yeat type beat &quot;stargaze&quot; (Prod. Sapjer)
2025-10-06,youtube/Cedwood,[FREE] TRAVIS SCOTT TYPE BEAT - WIRE | TRAP TYPE BEAT
2026-03-03,youtube/𝑦𝑧,Travis Scott Type Beat ~ Dark Ages
2026-03-07,youtube/thelewis,[FREE FOR PROFIT] DON TOLIVER TYPE BEAT ~ SLOW MOTION | TRAP TYPE BEAT | MELODIC TYPE BEAT 2026
2024-08-22,youtube/AndreOnBeat,[FREE FOR PROFIT] TRAVIS SCOTT TYPE BEAT - &quot;DON&#39;T LET ME DOWN&quot;
2025-09-27,youtube/Prod Kell け,Don Toliver Type Beat - PARADISE - Travis Scott  Type Beat 2025
2025-12-14,youtube/llouis,(FREE) DON TOLIVER X TRAVIS SCOTT TYPE BEAT - HEAVY
2026-03-08,youtube/7INK,TRAVIS SCOTT x DON TOLIVER TYPE BEAT - &#39;&#39;BRAZIL!&#39;&#39;
2025-10-27,youtube/llouis,(FREE) TRAVIS SCOTT X DRAKE TYPE BEAT - GLORY
2024-10-15,youtube/JpBeatz,[FREE FOR PROFIT] Travis Scott Type Beat 2024 - &quot;Hidden Hills&quot; | @JpBeatz
2026-02-01,youtube/vin ace,(free) travis scott x don toliver type beat - baddest
2026-03-04,youtube/fckborne,[FREE] Travis Scott X Don Toliver Type Beat &quot;sacred&quot;
2026-02-27,youtube/producerX,TRAVIS SCOTT x CINEMATIC TYPE BEAT - &quot;OBLIVION&quot;
2025-07-24,youtube/sonnı,[FREE] TRAVIS SCOTT X PLAYBOI CARTI TYPE BEAT - SOME MORE
2025-08-29,youtube/FANCYJPROD,[FREE FOR PROFIT] TRAVIS SCOTT X MIKE DEAN TYPE BEAT - OBSESSED
2026-03-04,youtube/Cedwood,[FREE] TRAVIS SCOTT TYPE BEAT - HAWK
2025-11-19,youtube/Accent Beats,Travis Scott x Drake Type Beat - Focus | Dark Freestyle Instrumental
2026-01-03,youtube/Prod by GRAVES,(FREE) Type Beat - &quot;JACKAL&quot; | EsDeeKid x Travis Scott Type Beat | Trap x Jerk Type Beat 2026
2025-12-04,youtube/sonnı,[FREE] TRAVIS SCOTT X JACKBOYS 2 TYPE BEAT - KICK OUT
2025-11-05,youtube/FANCYJPROD,[FREE FOR PROFIT] TRAVIS SCOTT X MIKE DEAN TYPE BEAT - ALIEN
2025-11-09,youtube/sonnı,[FREE] TRAVIS SCOTT X JACKBOYS TYPE BEAT - 4X4
2025-11-13,youtube/llouis,(FREE) FUTURE X TRAVIS SCOTT TYPE BEAT - MIND CONTROL
2026-01-30,youtube/baad beats,[FREE] TRAVIS SCOTT x CLAMS CASINO TYPE BEAT - &quot;MOON&quot; [BEAT SWITCH]
2026-01-23,youtube/Prod Kell け,Travis Scott type beat - FALLEN - Don Toliver type beat - Trap  beat - trap type beat
2026-01-23,youtube/Encore,CINEMATIC TRAVIS SCOTT X ASAP ROCKY TYPE BEAT - &quot;BURNER&quot;
2025-12-30,youtube/PERE II,TRAVIS SCOTT X DON TOLIVER TYPE BEAT - WOOD
2025-10-30,youtube/llouis,(FREE) TRAVIS SCOTT X FUTURE TYPE BEAT - ROLLING STONE
2026-01-07,youtube/Fukk2Beatz,[FREE] Travis Scott Type Beat - &quot;Mystics&quot;
2026-01-17,youtube/thelewis,[FREE FOR PROFIT] TRAVIS SCOTT X DON TOLIVER TYPE BEAT 2026 ~ DON&#39;T LIKE THEM
2026-03-13,youtube/thelewis,[FREE FOR PROFIT] DON TOLIVER TYPE BEAT ~ SAINT LAURENT | TRAP TYPE BEAT | MELODIC TYPE BEAT 2026
2026-01-15,youtube/thelewis,[FREE FOR PROFIT] TRAVIS SCOTT X DON TOLIVER TYPE BEAT 2026 ~ KRYPTONITE | MELODIC TYPE BEAT
2026-01-16,youtube/7INK,TRAVIS SCOTT x DARK TYPE BEAT - &#39;&#39;YOUR HEART&#39;&#39;
2026-01-09,youtube/Regwest,[FREE] TRAVIS SCOTT TYPE BEAT X DON TOLIVER TYPE BEAT - UTOPIA
2026-01-22,youtube/vin ace,(free) don toliver x travis scott type beat - genesis
2025-11-13,youtube/sonnı,[FREE] DON TOLIVER TYPE BEAT - 3AM | MELODIC TYPE BEAT
2026-01-07,youtube/𝑦𝑧,Travis Scott Type Beat ~ Prevail
2026-02-03,youtube/producerX,TRAVIS SCOTT x KANYE WEST TYPE BEAT - &quot;AWAKENING&quot;
2026-01-07,youtube/7INK,[BEAT SWITCH] TRAVIS SCOTT x DARK TYPE BEAT - &#39;&#39;OBSCURA&#39;&#39;
2026-02-27,youtube/Sapjer,(free) Kanye West x Baby Keem x Travis Scott type beat &quot;fantasy&quot; (Prod. Sapjer)
2026-02-07,youtube/FANCYJPROD,[FREE FOR PROFIT] TRAVIS SCOTT X MIKE DEAN TYPE BEAT - SPIRIT
2026-01-07,youtube/thelewis,[FREE FOR PROFIT] TRAVIS SCOTT X DON TOLIVER TYPE BEAT 2026 ~ SHAMELESS
2025-10-27,youtube/Forgotten,Travis Scott &amp; Forgotten - AURA ᴴᴰ (Full Mixtape)
2026-01-12,youtube/FANCYJPROD,[FREE FOR PROFIT] TRAVIS SCOTT X PLAYBOI CARTI TYPE BEAT - GODMODE
2026-01-06,youtube/Prod By Few,[FREE] TRAVIS SCOTT X DON TOLIVER TYPE BEAT - WHAT I KNOW | TRAP TYPE BEAT 2026
2025-12-19,youtube/7INK,TRAVIS SCOTT x DON TOLIVER TYPE BEAT - &#39;&#39;RADIATE&#39;&#39;
2025-12-11,youtube/sonnı,[FREE] DON TOLIVER TYPE BEAT - FWU
2026-01-04,youtube/llouis,(FREE) FUTURE X TRAVIS SCOTT TYPE BEAT - DILEMMAS
2025-10-17,youtube/producerX,[BEAT SWITCH] THE WEEKND x TRAVIS SCOTT TYPE BEAT - &quot;TWILIGHT&quot;
2025-12-07,youtube/7INK,TRAVIS SCOTT x UTOPIA TYPE BEAT - &#39;&#39;DAMNED&#39;&#39;
2025-12-04,youtube/JustDan Beats,[FREE] Travis Scott X Kanye West X Don Toliver Type Beat &quot;Eye Contact&quot;
2025-12-18,youtube/prod by SHREDDED,[FREE] TRAVIS SCOTT X DRAKE TYPE BEAT 2025 ~ &quot;HOPE&quot; │free hard trap beat 2025
2025-10-03,youtube/Prod by GRAVES,(FREE) Type Beat - &quot;COLD&quot; | Yeat x Travis Scott x Playboi Carti Type Beat | Trap Type Beat 2025
2017-07-13,youtube/TravisScottVEVO,Travis Scott - BUTTERFLY EFFECT (Official Video)
2025-11-11,youtube/FANCYJPROD,[FREE FOR PROFIT] TRAVIS SCOTT X MIKE DEAN TYPE BEAT - ICED OUT
2026-01-07,youtube/nephew.,[FREE FOR PROFIT] TRAVIS SCOTT X DRAKE TYPE BEAT ~ &quot;KING&quot;
2025-10-04,youtube/Morgan,KANYE WEST x TRAVIS SCOTT TYPE BEAT - &quot;SOMETHING REAL&quot;
2025-10-20,youtube/FANCYJPROD,[FREE FOR PROFIT] TRAVIS SCOTT X MIKE DEAN TYPE BEAT - GOTHAM
2026-02-02,youtube/PERE II,TRAVIS SCOTT X DON TOLIVER TYPE BEAT - OPPOSITE | TYPE BEAT 2026
2024-03-22,youtube/FutureVEVO,"Future, Metro Boomin, Travis Scott, Playboi Carti - Type Shit (Official Video)"
2026-01-08,youtube/llouis,(FREE) FUTURE X TRAVIS SCOTT TYPE BEAT - TRICKY
2026-01-02,youtube/Prod By Few,[FREE] TRAVIS SCOTT X DON TOLIVER TYPE BEAT - ONE MIC | TRAP TYPE BEAT
2026-02-04,youtube/Encore,CINEMATIC KANYE WEST X TRAVIS SCOTT TYPE BEAT - &quot;HOOLIGAN&quot;
2025-10-20,youtube/KINGXMAGS,(FREE) TAME IMPALA x TRAVIS SCOTT x MIKE DEAN TYPE BEAT 2025 ~ &quot;EYES DON&#39;T LIE&quot; [BEAT SWITCH]
2025-12-26,youtube/Tkd Beats,Travis Scott Type Beat - DEFIANCE | JackBoys 2 Type Beat 2025
2026-01-08,youtube/SOGIMURA,[FREE] Yeat Type Beat - &quot;2TONE&quot; | Don Toliver Type Beat
2026-03-08,youtube/vin ace,(free) don toliver x travis scott type beat - notice me
2026-03-13,youtube/fckborne,[FREE] Travis Scott X Don Toliver Type Beat &quot;digital souls&quot;
2026-03-05,youtube/Rx Beats,[FREE] TRAVIS SCOTT X RODEO TYPE BEAT - GHOST
2025-10-10,youtube/KATANOBEAT,(FREE) Dark Type Beat 2025 – “Parallel” | Ambient x Dark Rnb Type Beat
2025-12-18,youtube/FANCYJPROD,[FREE FOR PROFIT] TRAVIS SCOTT X MIKE DEAN TYPE BEAT - SACRIFICE
2026-03-02,youtube/7INK,TRAVIS SCOTT x DON TOLIVER TYPE BEAT - &#39;&#39;LOVE ME&#39;&#39;
2023-08-21,youtube/producerX,[BEAT SWITCH] TRAVIS SCOTT x UTOPIA TYPE BEAT - &quot;TRANSCEND&quot;
2026-01-01,youtube/thelewis,[FREE FOR PROFIT] TRAVIS SCOTT X DON TOLIVER TYPE BEAT 2026 ~ NEIGHBORS
2025-12-07,youtube/llouis,(FREE) FUTURE X TRAVIS SCOTT TYPE BEAT - OVERTIME
2025-10-29,youtube/Morgan,KANYE WEST x TRAVIS SCOTT TYPE BEAT - &quot;BY MY SIDE&quot;
2025-07-09,youtube/Spaceless,[FREE] Travis scott x Jackboys 2 type beat “2000 EXCURSION”
2024-02-09,youtube/The Highzers,[BEAT SWITCH] TRAVIS SCOTT TYPE BEAT - &quot;MY EYES 3&quot;
2025-10-03,youtube/producerX - Topic,Kanye West X Travis Scott Type Beat Power
2026-01-31,youtube/7INK,DON TOLIVER x TRAVIS SCOTT TYPE BEAT - &#39;&#39;MELODY&#39;&#39;
2026-03-04,youtube/Young White,[FREE] TRAVIS SCOTT TYPE BEAT | FREESTYLE BEAT | TRAP TYPE BEAT | FREE TRAP INSTRUMENTAL 2026
2026-02-17,youtube/FANCYJPROD,[FREE FOR PROFIT] TRAVIS SCOTT X MIKE DEAN TYPE BEAT - ECHO
2026-01-14,youtube/KINGXMAGS,(FREE) Travis Scott Utopia Type Beat 2025 ~ &quot;GUISEPPE&quot; [BEAT SWITCH]
2025-12-26,youtube/nephew.,[FREE FOR PROFIT] TRAVIS SCOTT X DRAKE TYPE BEAT ~ &quot;SKIT&quot;
2025-11-28,youtube/producerX,KANYE WEST x TRAVIS SCOTT TYPE BEAT - &quot;EVERYBODY&quot;
2023-05-16,youtube/Cedwood,[FREE] GUNNA X TRAVIS SCOTT TYPE BEAT - STUNNA
2025-12-17,youtube/KINGXMAGS,(FREE) TAME IMPALA x TRAVIS SCOTT x MIKE DEAN TYPE BEAT 2025 ~ &quot;SUNSHINE&quot;
2026-02-04,youtube/Morgan,KANYE WEST x TRAVIS SCOTT x BON IVER TYPE BEAT - &quot;CALL ME UP&quot;
2026-01-27,youtube/vin ace,(free) don toliver x travis scott type beat - noble
2025-12-20,youtube/thelewis,[FREE FOR PROFIT] DON TOLIVER X TRAVIS SCOTT TYPE BEAT 2025 ~ PRADA
2026-03-07,youtube/nephew.,[FREE FOR PROFIT] TRAVIS SCOTT X DRAKE TYPE BEAT ~ &quot;SHINING&quot;
2025-10-23,youtube/thelewis,[FREE FOR PROFIT] TRAVIS SCOTT X DON TOLIVER TYPE BEAT 2025 ~ SECRET SILHOUETTE
2019-12-23,youtube/Brazilian Trap Lyrics,NGC Borges - AK DO FLAMENGO ft. NGC Flacko: Lyrics (English Subtitle)
2019-09-26,youtube/MC BUZZZ,MC Buzzz - Bota Bota (Official Video)
2023-07-14,youtube/Vulgo FK,"Vulgo FK, MC PH, Veigh - Ballena (Clipe Oficial)"
2025-05-27,youtube/VIRAL HITS,"TRAP 2025 DO MOMENTO - Chefin, Caio Luccas, Orochi, MC Poze do Rodo, Bielzin e MC Ryan SP"
2024-01-05,youtube/Fuego Brasil Graves,"TRAP BRASIL 2024 - MC POZE, ORUAM, MC CABELINHO, OROCHI - PLAYLIST TRAP BR MELHORES 2024"
2025-12-31,youtube/Beats do Alto ,"FAVELA NO TOPO – TRAP 2026 | ORUAM, POZE, CABELINHO, PAIVA IG, MC RYAN, MC NEÃO ORIGIANL"
2025-10-23,youtube/Mixmag,Mu540 Brazilian funk &amp; house set | Burn Energy Tour x Mixmag | Valencia
2019-08-02,youtube/Fetti031,Chucky73 X MC X Fetti031 - Brazilera 🇧🇷( Video Oficial) Dir. @NarxFilmz
2024-12-10,youtube/Uness Beatz,Brazilian Funk Type Beat | &quot;Rebola&quot; - Baile Funk | Dancehall Instrumental 2025
2024-07-11,youtube/30PRAUM,WIU - Eu Não Ouço Mais Trap
2021-03-26,youtube/DJ Julz,Brazilian Trap Mix 2021 | Dj Julz (Trap Mix Do Brazil )
2022-12-13,youtube/DEREK,"DEREK feat. LEVIANO, BRANDÃO85 - Trap The Fato (Official Music Video)"
2025-12-09,youtube/Capivara Music,Você me fez voar tão alto - Brazilian Bass - (Trap Remix)
2025-09-22,youtube/Dj menor do sb,"PLAYLIST DE TRAP BR 2025 - FILIPE RET, MC POZE, MC CABELINHO, ORUAM - AS MELHORES 2025 #trapbr"
2024-09-29,youtube/Tribal Trap,DYGO &amp; Mxng0 - FUNK INFERNAL [Brazilian Phonk]
2025-09-26,youtube/VIRAL HITS,"SET TRAP TRANQULIDADE - MC Cabelinho, Caio Luccas, Filipe Ret, Borges e Orochi"
2023-05-23,youtube/Leviano,Leviano - Matéria
2025-03-16,youtube/Red Bow Music,want Brazilian Funk? use these 2 chords...
2020-10-27,youtube/YUNG LIXO,yung lixo - BTS (Brazil Trap Star) [prod biffe] (official visualizer)
2025-09-01,youtube/Rua808,"PHONK DO BRASIL MIX ※ AGGRESSIVE STREET FUNK, TRAP, GYM BEATS"
2024-09-30,youtube/Tribal Trap,ANDROMEDA &amp; KVRXD - NO FEAR! [Brazilian Phonk]
2025-01-17,youtube/FissBassBeats,(FREE) Afro Drill x Guitar Drill Type Beat- &quot;FAVELA&quot; | Brazilian Funk type beat 2025
2025-09-16,youtube/Beats do Alto ,"CRIA DA FAVELA | ORUAM, POZE, IG, RYAN | TRAP - FUNK BRAZIL OFFICIAL"
2020-09-10,youtube/M1llionz,M1LLIONZ - LAGGA (OFFICIAL VIDEO)
2020-04-25,youtube/El Chacon,Instru Rap - Brazilian Funk Trap Type Beat « CAPOEIRA » Instru Freestyle/Ambiance 🇧🇷
2023-07-06,youtube/Jarred Jermaine,10 Brazilian Funk Songs That Go Hard #shorts #brazil #funk #brazilianfunk
2025-06-12,youtube/CEO LEE,Tota Makes The Hardest Brazilian Freestyle With Lee
2023-12-10,youtube/Tribal Trap,Ariis - MANDA BALA [Brazilian Phonk]
2025-09-08,youtube/Rua808,"BRAZILIAN PHONK | FUNK ※ HARD TRAP BEATS, CAR MUSIC, GYM ENERGY"
2025-05-28,youtube/phonk_music,NUNCA MUDA [ ULTRA SLOWED ] [BRAZILIAN PHONK] 💀🥵🥶
2016-11-16,youtube/Brazilian Music Tv,GTA Part. Matz - Dia De Treinamento (Brazilian Trap Bonde Remix)
2020-03-22,youtube/Borges,Real Trap - Borges x Flacko x Meno Tody
2025-10-30,youtube/BigHipHopHaven,🇧🇷🔥 FIRST TIME HEARING! Matuê – “É Sal” | Brazilian Trap on Another Level! 🌊🔥
2023-05-18,youtube/Trap Nation,Teriyaki Boyz - Tokyo Drift  (Brazilian Phonk Mix 2023)
2025-12-15,youtube/VIRAL HITS,"TRAP BRASIL 2026 - Cabelinho, Chefin, Filipe Ret, Oruam e Poze do Rodo e Borges"
2024-12-07,youtube/DJ Wkilla,[FREE] Js da Torre x Pedrin x Borges  Type Beat &quot;AK47&quot; [Prod.DJ Wkilla]
2024-05-21,youtube/ALEXAYBEATS,[FREE] Afro Drill x Brazilian Funk Type Beat &quot;LAST CHANCE&quot;
2024-07-07,youtube/Botelho024,Rappers que atac*u famosos na música #trapbr #rapnacional #trapbrasil #trap
2025-06-17,youtube/RnbDrill Beats,(FREE) Afro Rnb x Brazilian Funk Type Beat 2025 - &quot;CURITIBA&quot;
2020-05-04,youtube/SISQO TV,BRAZILIAN TRAP!!JAPA - Ok Baby | REACTION!!
2025-04-03,youtube/repsaj - Topic,MONTAGEM BAILÃO
2021-06-04,youtube/Hathoot Beats,[SOLD] Brazilian Funk x Trap Type Beat 2021 &quot;LIBERTY&quot; kondzilla type beat
2023-04-18,youtube/Trap Nation,L1OR - Rage time funk | Brazilian Funk
2025-10-07,youtube/VIRAL HITS,SET ORUAM - AS MELHORES DO BRABO (PLAYLIST TRAP 2025)
2024-11-04,youtube/MD XXL Vol. 2,[FREE] Brazilian Funk Type Beat x Club Banger Type Beat 2024 - &quot;Carioca&quot;
2019-01-21,youtube/DiCaS sObRe TuDo,MC Fioti   Bum Bum Tam Tam KondZilla
2025-06-14,youtube/Phonk Time,"AURA = ♾️ | AGGRESSIVE BRAZILIAN PHONK / FUNK MIX 2025 ※ MUSIC PLAYLIST [GYM, AGGRESSIVE, FUNK]"
2019-02-02,youtube/MIXZONE TV,MC GUSSTA &amp; MC DG - ABUSADAMENTE (MADFLOW REMIX)
2024-05-20,youtube/Tribal Trap,MRL - Power! [Brazilian Phonk]
2026-03-14,youtube/Mid9PHONK,DJZRX - Not My Problem Funk (Sayfalse Remix) 💫 BRAZILIAN FUNK PHONK
2024-01-09,youtube/ELIOT ,[FREE] FUNK BRASILEÑO TYPE BEAT | &#39;&#39;FORTE&#39;&#39; KondZilla Type Beat
2017-04-20,youtube/Clown Music,[Brazilian Trap] Fernanda Abreu - Outro Sim (Bonde Drop Remix)
2023-08-13,youtube/Audiocrackerr Beatz,Bollywood Sampled Baile Funk Type Beat - &quot;CHOLI KE PEECHE&quot; | Brazilian/Baile Funk Type Beat
2016-07-21,youtube/Trap Brazil,Brazilian Trap Bonde - That D&#39;ussé
2018-10-11,youtube/Lucas Marllon,REAL BRAZILIAN TRAP COMPILATION
2025-05-03,youtube/BabyHefner,The OG Brazil TRAP Rappers! The Recayd Mob &#39;On The Radar&#39; Freestyle  OTR Brazil
2026-03-11,youtube/RnbDrill Beats,(FREE) Afro Rnb x Brazilian Funk Type Beat 2026 - &quot;UMBRO&quot;
2026-02-14,youtube/  Olá music ,CORAÇÃO BANDIDO 💔🔥 | Brazilian Trap 2026 | Sad Love Anthem | Brasil Viral Hit
2018-06-20,youtube/Domitila Barros,MY FIRST BRAZILIAN TRAP SONG
2026-01-30,youtube/RastaGroove,Faço Tudo De Novo – Chefin | Brazilian Trap 2026 | Trap Brasileiro | Trap Funk Influence 2026
2025-09-10,youtube/RnbDrill Beats,(FREE) Afro Rnb x Brazilian Funk Type Beat 2025 - &quot;RIO NIGHTS&quot;
2026-01-10,youtube/TRAP FUNK TRENDS,BRR BRR PATAPIM x TRALALERO TRALALA – BRAINROT BRAZILIAN TRAP FUNK | VIRAL MEME REMIX
2017-04-02,youtube/Clown Music,[Brazilian Trap] Febem - É Memo Mestrão? pt. Don Cesão (Flying Buff Remix)
2025-02-26,youtube/Dazz,🇬🇼 Dazz | Major RD - SÓ ROCK 3🔥 REACT BR | Trap | Rap | Hip-Hop | Funk
2026-03-12,youtube/Mid9PHONK,Ariis - MANDA BALA (Slowed) 💫 BRAZILIAN FUNK PHONK
2020-10-18,youtube/Abbot - Topic,Hylander
2015-10-14,youtube/Brazilian Trap,Bonde da Stronda - Bonde da Maromba (HenVez Trap Remix)
2026-02-03,youtube/Uness Beatz,Brazilian Funk Type Beat | &quot;CAMINHO&quot; - Guitar Baile Funk | Dancehall Instrumental 2026
2025-05-15,youtube/BabyHefner,The REAL Trap Of BRAZIL! Js Da Torre - Eu Sou Eu  (Reaction)
2015-03-27,youtube/Trap Brazil,Brazilian Trap Bonde - Huenation (Original Mix)
2021-02-26,youtube/Filipe Ret,Filipe Ret - F*F*M*
2020-01-17,youtube/Fetti031,Chucky73 ❌ Fetti031 - Dili🦇 (Video Oficial)
2017-04-15,youtube/Shivelight,MORILLO - Brazil [Favela Bass / Brazilian Trap / Global Bass]
2024-03-10,youtube/Kezii,[SOLD] Brazilian Funk Type Beat 2024 - &quot;FUNK&quot; Brazil Funk Type Beat
2026-03-02,youtube/3d beats,( Free ) Speaker Knockerz - Brazilian Trap Type Beat
2015-12-09,youtube/Clown Music,[Trap] Brazilian Trap Bonde X The 7P X Lordez - Welcome To The Trap [Clown Release]
2024-12-02,youtube/kaizerr,[FREE] RAGE TRAP TYPE BEAT X EARLY PLAYBOI CARTI TYPE BEAT &quot;TANK&quot;
2024-07-08,youtube/Isaac Horner,How to make RAGE MELODIES!
2021-10-07,youtube/Ocean,"How to Make Epic RAGE Beats For Trippie Redd, SoFaygo | Logic Pro X Tutorial"
2015-03-30,youtube/Raidho,AMV gravitation the rage beat amv
2022-03-12,youtube/mattyballz,Who Really Started Rage Beats?
2022-01-08,youtube/Curtains,HOW TO RAGE BEATS
2023-07-21,youtube/miraclemike,(free) trippie redd + playboi carti type beat - &#39;&#39;miss the rage&#39;
2025-05-25,youtube/Crazy.listings,Ranking Rage Quit Moments 🤬😡
2024-12-15,youtube/prawjex,[free for profit] trippie redd x sofagyo x rage type beat - &quot;harmonics&quot;
2021-12-18,youtube/Mo Beats,Trippie Redd x Sofaygo x Rage Type beat 2021 - &quot;Righteous&quot; Prod. Mo beats
2022-10-13,youtube/scraizis - Topic,RAGE
2026-01-07,youtube/Kubsy Beats,[FREE FOR PROFIT] RAGE TRAP x EXPERIMENTAL TYPE BEAT - &quot;AETERNUM&quot; | DARK CINEMATIC
2026-02-18,youtube/Kubsy Beats,PLAYBOI CARTI x OPIUM TYPE BEAT &quot;DEADSTAR&quot; | RAGE TYPE BEAT
2024-03-18,youtube/rly Beats,How To Make RAGE Beats in FL Studio
2026-01-12,youtube/Kubsy Beats,[FREE FOR PROFIT] RAGE TRAP x HYPERPOP TYPE BEAT - &quot;MOST WANTED&quot; | ARCHIVECORE
2025-10-04,youtube/Josh Bae,Rage is Taking Over K-pop...
2026-01-05,youtube/Kubsy Beats,[SOLD] PLAYBOI CARTI x RAGE TYPE BEAT - &quot;DOWN IN IT&quot; | OPIUM TRAP
2026-02-26,youtube/Kubsy Beats,PLAYBOI CARTI x RAGE TYPE BEAT &quot;NO PULSE&quot; | I AM MUSIC OPIUM TRAP
2024-04-15,youtube/shonci,learning how to make rage beat with mo beats (made pepe lore) #ragetypebeat #trippieredd #flstudio
2022-09-30,youtube/GameChops,Beats of Rage
2025-10-16,youtube/Isaac Horner,How to make new-era rage melodies
2025-06-29,youtube/Gomes,[FREE] RAGE TYPE BEAT | PLAYBOI CARTI X KEN CARSON - &quot; DISTORTION &quot;
2023-05-19,youtube/YUREI,[FREE FOR PROFIT] Playboi Carti x Yeat Type Beat - Fool
2023-01-04,youtube/Taka Perry,Rage Beats Music Theory 101 📖 #shorts
2024-02-28,youtube/Geam,how to make rage beats #producer #flstudio
2022-02-20,youtube/Blanq Beatz,(FREE) Yeat Type Beat - &quot;Amnesia&quot; | Playboi Carti x Trippie Redd x Rage Type Beat | Supertrap Beat
2024-10-13,youtube/prawjex,[free for profit] trippie redd x ethereal rage type beat - &quot;origins&quot;
2025-12-15,youtube/prod. yungdunk,(FREE) DESSIIIK X RAGE Type Beat - “PSICODÉLICO” (prod. yungdunk)
2025-10-19,youtube/rxmon,OSAMASON X Che Type Beat – &quot;PSYKOTIC&quot; | Hard Rage Trap Beat 2025 (FREE FOR PROFIT)
2024-05-14,youtube/lofi_metaverse,"Streets Of Rage 2 🎮 ▸ Lofi Metaverse Mix in HD 🎧 ▸ LoFi Hip-Hop Remix To Chill, Relax, Work or Study"
2025-10-28,youtube/Ninye,Ragebait Tier List
2024-04-11,youtube/rly Beats,How To Make Rage Beats in 2024
2022-01-15,youtube/thayerperiod,HOW “MISS THE RAGE” BY PLAYBOI CARTI &amp; TRIPPIE REDD WAS MADE (FROM SCRATCH) [IN 30 SECONDS]🔥🎸🔊
2026-02-06,youtube/Kubsy Beats,[FREE FOR PROFIT] PLAYBOI CARTI x RAGE TYPE BEAT - &quot;CROSSFADE&quot; | OPIUM TRAP
2021-08-02,youtube/EGGACION〈3,[FREE FOR PROFIT] RAGE TYPE BEAT &quot;IN THA RAGE&quot; | HARD RAGE TYPE BEAT
2025-11-09,youtube/prawjex,[free for profit] new wave x melodic rage type beat - &quot;gone&quot;
2024-06-24,youtube/Geam,How to make Rage / EDM melodies #flstudio
2023-12-24,youtube/Riddick X Beats,[FREE] NF Type Beat - &quot;ANGER&quot; @Pendo46
2022-03-12,youtube/Praxi Plays,How to RAGE BEATS | Profile Pic Beats in FL Studio 20
2018-05-11,youtube/Rico Nasty,Rico Nasty - Rage (Official Music Video) [Produced by Kenny Beats]
2023-02-17,youtube/Geam,HOW TO MAKE OG RAGE BEATS #producer #flstudio
2023-05-25,youtube/Monstercat Uncaged,I miss the rage!
2024-04-17,youtube/rly Beats,How To Make Rage Beats in 2024
2025-07-13,youtube/Astro,[FREE] Ken Carson Type Beat - &quot;KEEP OUT&quot;
2025-11-04,youtube/Kubsy Beats,[FREE FOR PROFIT] *HARD* PLAYBOI CARTI x OPIUM TYPE BEAT - &quot;WANT3D&quot; | Dark Rage Type Beat
2022-03-05,youtube/YNGD,*FREE* [HARD] Rage Type Beat Playboi Carti x WRL  - “SlaYeRrr”
2025-03-22,youtube/vvdtxt prod.,★ NEW RAGE x HYPERPOP x DIGICORE TYPE BEAT - RIGHT
2025-11-13,youtube/Kubsy Beats,[FREE FOR PROFIT] RAGE TRAP x 2HOLLIS x PLAYBOI CARTI TYPE BEAT - &quot;AL1VE&quot;
2026-02-10,youtube/Geam,[FREE] rage x hyperpop type beat &quot;flare&quot;
2026-01-29,youtube/Kubsy Beats,[FREE FOR PROFIT] PLAYBOI CARTI x RAGE TYPE BEAT - &quot;NOCTURNE&quot; | OPIUM TRAP
2025-12-09,youtube/Astro,[FREE] Ken Carson Type Beat - &quot;thoughts about u&quot;
2021-05-31,youtube/732zachary,Mario Judah - I Miss the Rage
2025-12-28,youtube/prawjex,[free for profit] hypersoul x rage type beat - &quot;REVIVAL&quot;
2025-07-19,youtube/Astro,[FREE] Ken Carson Type Beat - &quot;im da problem&quot;
2025-05-10,youtube/NetuH,[FREE] Dark Trap Beat &quot;RAGE&quot;
2026-01-18,youtube/MIN,EK YAHO Rage / hyperpop Type Beat - &quot;LIKE THIS&quot;
2026-02-15,youtube/Kubsy Beats,PLAYBOI CARTI x YEAT TYPE BEAT &quot;4REAL&quot; | RAGE TYPE BEAT
2026-03-12,youtube/Kubsy Beats,PLAYBOI CARTI x RAGE TYPE BEAT &quot;PHANTOM&quot; | DARK OPIUM TRAP
2023-06-12,youtube/ListenUpJames,HOW TO MAKE INSANE OPIUM BEATS! (FL STUDIO TUTORIAL)
2025-08-03,youtube/prawjex,[free for profit] trippie redd x sofaygo x rage type beat - &quot;sourcery&quot;
2026-03-03,youtube/Kubsy Beats,PLAYBOI CARTI x RAGE TYPE BEAT &quot;AFTER13&quot; | OPIUM TRAP
2024-10-28,youtube/aerodynamic,[FREE] new rage + supertrap type beat - &quot;flawless&quot; | rage type beat
2022-01-31,youtube/sheepy,*FREE* hyperpop x miss the rage type beat - &quot;2 da moon&quot; (prod.@sheepy_kid @goddamnbeats )
2021-08-05,youtube/Be Franky - Topic,Rage (Hip Hop Instrumental)
2025-03-02,youtube/prawjex,[free] hypersoul x rage type beat - &quot;far 2 ez&quot;
2025-12-22,youtube/Hollypop Beats,"[FREE NO TAG] KEN CARSON X OSAMASON TYPE BEAT, RAGE OPIUM BEAT - CALL 911 "
2026-01-14,youtube/Kubsy Beats,[FREE FOR PROFIT] HYPERPOP x RAGE TRAP x 2HOLLIS TYPE BEAT - &quot;Whitney&quot;
2026-02-10,youtube/Kubsy Beats,[FREE FOR PROFIT] RAGE TRAP x EXPERIMENTAL TYPE BEAT - &quot;ETHEREAL.EXE&quot; | 2HOLLIS HYPERPOP
2025-12-04,youtube/HANEDA / AIRLINE RECORDS,[FREE / フリートラック]  Playboi Carti  X RAGE TYPE BEAT - &quot;SUKI&quot; | FREESTYLE BEAT | TYPE BEAT Prod.HANEDA
2025-06-27,youtube/prod.pegasus,[FREE] *BEAT SWITCH* Ken Carson Type Beat - &quot;REMATCH&quot;
2025-03-19,youtube/KingSammelot,I Beat a Rage Game Made For Streamers...
2026-01-17,youtube/Kubsy Beats,[FREE FOR PROFIT] RAGE x PLAYBOI CARTI TYPE BEAT - &quot;LOST CONTROL&quot; | OPIUM TRAP
2026-01-18,youtube/prawjex,[free for profit] trippie redd x sofaygo x rage type beat - &quot;meaningless&quot;
2026-02-22,youtube/Kubsy Beats,DON TOLIVER x PLAYBOI CARTI TYPE BEAT &quot;GRAVITY OFF&quot; | OCTANE x RAGE TYPE BEAT
2024-02-01,youtube/psychix beat,Freestyle Beat - &quot;RAGE&quot; | Free Type Beat 2024 | Rap Trap Beat Instrumental
